Mánaðarmeðaltöl fyrir stöð 620 - Dalatangi,,,,,,,,,,,,,,,,,
stöð,ár,mán,t,tx,txx,txxD1,tn,tnn,tnnD1,rh,r,rx,rxD1,p,n,sun,f
620,1949,1,-1,2.8,17,9,-4,-10.9,2,74,101.1,53.2,26,995.1,5.5,NA,9.8
620,1949,2,1.5,3.8,10,2,-0.6,-6.7,28,74,92.7,26.6,19,992.2,4.5,NA,8.1
620,1949,3,-0.2,3,10.7,29,-2.5,-8.8,2,80,23.4,5.4,16,1012.1,5.4,NA,4.3
620,1949,4,-1,2.1,7,15,-3.4,-8.9,5,82,105.5,40.6,28,1001.6,5.5,NA,5.9
620,1949,5,1.4,3.8,13,10,-0.3,-5.4,7,88,162.3,48.4,28,1015.3,7.2,NA,7.4
620,1949,6,6.5,10.5,17,24,3.5,0.5,10,88,82.1,17.4,4,1018.1,5.6,NA,4.2
620,1949,7,8.6,12.1,21,9,6,3.5,14,90,150.6,63.8,29,1014.9,5.8,NA,1.7
620,1949,8,8.3,11.8,21,19,6.3,4.1,9,86,76.4,33.7,7,1010,6.7,NA,3.8
620,1949,9,8.2,11.5,26,12,5.9,0.4,29,85,155.5,92.2,1,1010.1,5.4,NA,3.5
620,1949,10,4.3,6.3,12,13,2.6,-3.5,24,89,138.2,24.3,12,1004.6,6.2,NA,4.8
620,1949,11,3.6,5.4,13,28,2.2,-2,13,89,177,36.8,23,999.3,6.9,NA,7
620,1949,12,0.4,1.8,7,23,-1.3,-11,9,88,178.3,20.1,15,997.9,6.7,NA,6.3
620,1950,1,3.6,5.3,12.7,19,1.9,-2,7,87,341.2,69.6,27,1004.3,6.8,NA,8.5
620,1950,2,-0.2,1.8,6.5,28,-2,-11.6,22,91,107.4,22.3,15,995.8,5.7,NA,6.4
620,1950,3,1.2,4.3,10.2,29,-1,-6.5,14,71,121.8,41.4,8,1006.3,5.5,NA,7
620,1950,4,-0.1,2.4,7.5,14,-1.7,-6.3,26,76,104,17.9,21,1003.8,6.8,NA,7.2
620,1950,5,4.2,6.8,13.7,11,2.1,-2,18,80,48.9,22.4,29,1021.2,5.2,NA,4.4
620,1950,6,6.4,8.7,13,11,4.5,3,1,84,65.9,16.4,20,1009.5,6,NA,6.1
620,1950,7,7.9,9.6,13.8,4,6.6,3.5,1,96,447.1,65.7,10,1010.8,7.2,NA,4.9
620,1950,8,8.6,10.5,13,31,7.2,5,12,94,406.9,64.4,25,1005.3,7.2,NA,3.6
620,1950,9,6.9,8.4,11.6,1,5.7,1.2,30,82,151.5,54.9,9,997.6,7,NA,5.9
620,1950,10,4.8,6.5,11,25,3.5,0.2,4,86,263.2,55,30,1002.3,6.8,NA,6.6
620,1950,11,1.8,3.7,9.6,6,0,-5,17,80,151.3,59.8,8,1003.6,5.5,NA,6.4
620,1950,12,-0.7,1.2,7,18,-2.3,-9.6,13,80,128.2,16.4,10,1008.3,6.5,NA,7.6
620,1951,1,0.4,1.9,8.2,24,NA,NA,NA,75,158.1,44.5,17,998.1,6.6,NA,6.5
620,1951,2,0.9,2.8,9,27,NA,NA,NA,81,64,9.2,5,998.4,6.9,NA,6.4
620,1951,3,-2.3,-0.3,9.8,1,NA,NA,NA,75,105.3,20.7,22,1014.1,6.9,NA,9.6
620,1951,4,-1.4,0.5,9,30,NA,NA,NA,77,127.3,39,5,1015,6.6,NA,7.8
620,1951,5,4.5,7.1,12.2,13,NA,NA,NA,82,10,3.4,7,1021.6,6,NA,2.5
620,1951,6,5.1,7.5,13,26,NA,NA,NA,86,80.9,33.9,14,1018,6,NA,3.3
620,1951,7,8.4,11,15.5,1,NA,NA,NA,84,41.3,12.3,21,1009.4,6.1,NA,2.5
620,1951,8,8.4,10,12,8,NA,NA,NA,91,204.3,56.7,27,1006.5,7.1,NA,3.7
620,1951,9,7.6,9.6,13,21,NA,6,21,90,429.8,64.2,2,1005.2,6.5,NA,4.4
620,1951,10,5.5,8.3,15,6,3.4,-5,22,79,159.2,26.6,6,1003.3,6,NA,8.2
620,1951,11,2,3.9,8,26,0.5,-6.6,25,80,110.8,27.6,14,1006.4,7.1,NA,6
620,1951,12,0.9,3,9,21,-1.2,-10.4,6,73,197.9,31,16,988.8,5.7,NA,7.1
620,1952,1,-0.8,1.1,9,5,-2.9,-8,28,72,170.8,27.5,20,997,6.3,NA,11.9
620,1952,2,0.6,3.3,14,18,-1.4,-7,16,69,83.8,32,6,1009.1,6.2,NA,5.9
620,1952,3,0,2,7.2,28,-1.5,-7,1,79,96.9,25,22,1011.6,6.4,NA,5.7
620,1952,4,2.4,4.9,8.4,17,0.4,-3,13,82,132.8,22,10,1003,6.5,NA,3.6
620,1952,5,3.3,5.8,15.2,26,1.5,-2.2,4,83,120,34.1,13,1019.1,7.1,NA,6
620,1952,6,4.7,7.2,12.8,9,2.9,-1.2,2,80,44.4,15.5,29,1010,6.8,NA,6.1
620,1952,7,8,10.7,16.4,28,5.7,2,18,82,41.7,11.8,31,1010.7,6.6,NA,4.7
620,1952,8,7.3,9.2,14.5,22,5.8,3,29,89,65.9,25.3,31,1010.9,6.9,NA,4.5
620,1952,9,6.5,9.1,18.6,15,4.6,1,21,80,60.5,11.4,26,1013.3,5.6,NA,5.5
620,1952,10,5.7,7.5,11,11,4.1,-1,10,83,226.3,36.4,18,1004.1,6.6,NA,6.8
620,1952,11,2.5,4.4,10.2,9,0.6,-7,23,70,27,8.6,3,1013.7,5.1,NA,3.5
620,1952,12,1.5,3.6,11,1,-0.2,-9.6,14,78,133.3,17.2,12,1007.5,6.6,NA,6.6
620,1953,1,1.3,3.8,11,20,-0.8,-7.4,31,69,67.6,15.5,24,1004,5.7,NA,6.1
620,1953,2,2,4.3,9.6,28,-0.3,-7,1,72,96.5,21.9,24,1005.9,5.6,NA,5.4
620,1953,3,3.2,6.6,15,24,0.8,-7.2,26,69,53.9,19.5,28,1009.4,6.2,NA,7.5
620,1953,4,-1,1.5,11,21,-3.1,-11,2,74,87.1,16,10,1013.1,7.1,NA,7.7
620,1953,5,3.8,6.2,11,4,1.9,-1,15,80,37.2,15.8,3,1018.2,5.7,NA,3.6
620,1953,6,7.3,10.1,15,28,5,0,2,87,68.8,20.4,20,1013.7,5.9,NA,3.7
620,1953,7,8.5,10.3,14,2,6.8,3.2,4,89,174.8,66,25,1009.6,6.9,NA,2.2
620,1953,8,9.1,10.9,14,3,7.6,5.6,31,88,124.1,32.2,15,1006.8,6.7,NA,3.4
620,1953,9,8.8,10.8,18,6,7.2,3,26,82,201.7,61.5,21,1005.3,6,NA,4.2
620,1953,10,6.2,8.6,15,18,4,-2,25,73,235.7,56.8,27,998.5,5.7,NA,6.9
620,1953,11,3.4,5.6,12,16,1.5,-5,28,76,375.1,53.7,16,992.5,6.1,NA,5.9
620,1953,12,4.5,7.1,12,6,2,-4.2,4,67,162,42.5,12,997.3,5.3,NA,9.2
620,1954,1,2.9,5.3,13,4,0.5,-5.6,5,74,92.2,27.7,22,1008.4,5.9,NA,6.4
620,1954,2,1.6,3.6,9.6,4,-0.1,-10,28,72,168.9,61.7,21,1000.8,6,NA,7.8
620,1954,3,0.6,2.9,9,19,-1.5,-11.2,23,77,153.4,29,28,1004.7,6,NA,5.6
620,1954,4,2.8,5.6,12.4,16,0.6,-4,20,76,100.8,47.7,9,1014.5,5.4,NA,4.7
620,1954,5,3.9,6,14,18,2,-3.6,1,85,72.6,16,26,1020,6.8,NA,3.7
620,1954,6,6.5,9,18,29,4.7,2,10,85,34.9,8.3,23,1011,6.6,NA,3.1
620,1954,7,7.9,9.8,14,31,6.3,3,4,85,94.9,32.3,11,1006,6.9,NA,4.3
620,1954,8,8.3,10,17,20,7,4.5,30,89,236.2,64.4,10,1011.2,6.7,NA,2.9
620,1954,9,5,6.3,9,1,3.8,-1.6,26,81,301.4,54.9,10,1003.5,6.7,NA,4.3
620,1954,10,4.2,6,10.4,3,2.7,-2,24,72,126.6,48.1,3,998.1,5.7,NA,4.2
620,1954,11,3.8,5.5,11,16,2,-3,4,76,164.9,29.8,20,994.1,5.8,NA,5.7
620,1954,12,0.5,2.3,8,3,-1.1,-9,9,70,172.8,21.5,17,994.1,5.7,NA,4.8
620,1955,1,-1.2,1.1,11.2,3,-3,-12.6,16,73,131.8,34.3,24,1006.4,6.6,NA,5.8
620,1955,2,-1.3,0.9,10,15,-3.5,-9.6,5,67,67,26.7,28,1013.2,5.1,NA,6.5
620,1955,3,0.6,3.8,13.4,11,-2,-9,20,64,26.1,11.3,3,1018.5,5.1,NA,4.6
620,1955,4,2.9,5,12,18,0.8,-4.6,20,82,99.8,19.1,9,1010.9,6.8,NA,3.6
620,1955,5,2.5,4.9,12,25,0.4,-4,18,79,60.8,15,4,1015.4,5.5,NA,5.8
620,1955,6,5.5,7.7,11,2,3.6,-0.2,3,85,47.5,22.2,29,1013.8,6.5,NA,2.2
620,1955,7,10.2,14,22.5,19,6.8,4,12,81,41.4,13.1,17,1009.2,5.7,NA,4.8
620,1955,8,10.9,13.9,19.8,10,8.7,6.2,31,81,64.7,41.9,19,1006.6,5.6,NA,6.2
620,1955,9,8.4,10.5,14.8,7,6.3,4.6,2,80,147.9,42.9,24,999,6.1,NA,5.4
620,1955,10,3.6,5.7,12,22,1.6,-5,15,74,68.4,18.1,9,1010.8,5.8,NA,4.7
620,1955,11,4,7,15.8,21,1.3,-10.4,28,75,154.1,50.7,6,1012.1,6.1,NA,7.2
620,1955,12,-0.7,1.4,9.8,2,-2.7,-7.6,9,74,130.8,72,24,1002.1,6.4,NA,6.4
620,1956,1,-1.1,1.7,15.2,3,-3.8,-10.6,24,71,89.5,35.2,28,1004.1,6.1,NA,9.2
620,1956,2,2.8,5.3,10.6,9,0.5,-3.4,18,79,48,12.2,1,1018.3,6.4,NA,5
620,1956,3,2.8,5.6,17.5,27,0.3,-9.2,5,79,84.8,23.9,24,1007.1,6.5,NA,6.5
620,1956,4,1.2,3.6,13,1,-0.6,-6.4,10,79,26.3,6,9,1014,7,NA,5.9
620,1956,5,5.1,7.8,21.5,26,2.9,0.2,1,78,139.6,51.1,4,1002.7,5.9,NA,6.7
620,1956,6,6.2,8.9,16,23,4.2,1,4,78,32.2,12.3,12,1013.6,5.7,NA,5.4
620,1956,7,8,9.8,13.2,22,6.3,3.8,1,88,87.9,51.8,26,1011.5,7,NA,4.6
620,1956,8,7.4,9.2,15.5,31,5.8,3.2,26,83,49.1,15.1,11,1013.6,6.2,NA,5
620,1956,9,7.6,10.2,19.4,16,5.6,2.2,30,82,218.5,87.4,21,1008.9,6.4,NA,4.5
620,1956,10,5.4,8.4,17,30,2.8,-1.2,29,70,85.3,40.6,18,1001.4,5.4,NA,5.8
620,1956,11,5.5,8.7,17.2,6,3.2,-5.2,27,71,118.2,36,9,999.6,5.3,NA,8
620,1956,12,3,4.8,10,8,1.2,-2.2,3,81,94,12,13,996.8,6.3,NA,8
620,1957,1,3.1,5.5,12.2,15,NA,-2.2,9,68,94.7,12,1,991.9,5.2,NA,7.3
620,1957,2,-0.5,0.8,4.2,2,NA,NA,NA,75,96.5,27.2,28,1005.7,6.9,NA,6.7
620,1957,3,0.7,2.2,8,30,NA,NA,NA,82,93.4,17.7,20,1005.9,6.7,NA,6.2
620,1957,4,4.2,7.2,11.8,25,1.9,-3,11,72,77.4,31.4,4,1011.8,4.7,NA,4.7
620,1957,5,3.9,6.5,16.5,25,1.9,-3.4,3,84,45.4,6.5,3,1020.1,6.5,NA,6.1
620,1957,6,5.9,8.6,16,14,3.8,0.5,8,80,11.9,5.3,2,1018.3,5.7,NA,4.8
620,1957,7,7.3,8.9,13,21,6,4.4,12,88,19.3,5.6,30,1015.9,6.5,NA,3.7
620,1957,8,8.9,11.1,16.2,3,7.3,5,11,84,21.5,11.6,17,1008.9,6.3,NA,4.1
620,1957,9,6.6,8.4,15.2,25,5.2,2.4,14,81,82.8,42.5,12,1011.5,7.1,NA,5.8
620,1957,10,5.2,7.6,12.4,7,3.4,-1,27,75,84.9,13.2,21,992,5.6,NA,6.2
620,1957,11,3.7,5.7,10.7,30,1.6,-2.1,5,76,62.9,19.6,18,1010.3,5.5,NA,4.5
620,1957,12,1.4,3.7,11,3,-0.6,-4.6,9,67,39,11.3,3,997.6,5.7,NA,7.6
620,1958,1,-0.1,2,13.1,15,-2.2,-7.5,18,77,104.3,27.8,28,998.4,6,NA,7.6
620,1958,2,-1.6,0.3,5.6,19,-3.5,-8,9,80,85.9,15.6,7,1010,6.6,NA,6
620,1958,3,-0.3,1.3,10.8,3,-1.9,-7.7,12,81,22.1,6.9,30,1017.7,6,NA,6.9
620,1958,4,3.2,5.5,11.2,13,1.3,-3,9,83,29.1,15,1,1008.2,5.8,NA,4.3
620,1958,5,1.7,3.5,9.2,3,0,-2.5,6,83,10.6,2.2,16,1018,5.8,NA,5
620,1958,6,5.8,7.7,11.2,19,4.2,1.2,9,87,26.4,20.2,30,1018,5.8,NA,2.3
620,1958,7,7.8,10.1,14,8,6.1,4.5,19,90,11,5.6,27,1013.8,6,NA,3.6
620,1958,8,8.2,10,13.6,31,7,5,8,88,159.9,56.7,28,1007.9,7.2,NA,4.3
620,1958,9,8.6,10.9,17.3,13,6.8,3.4,2,NA,91.3,28.3,30,1009.5,6.7,NA,3
620,1958,10,6.8,8.8,13.6,27,5.1,-2.5,31,77,217.2,57,1,1000,6.7,NA,3.6
620,1958,11,5.5,8.7,13.5,28,2.7,-2.7,13,72,80.7,15.9,14,1003.2,6,NA,5.1
620,1958,12,1.2,3.2,11.6,3,-0.7,-7.7,18,79,112,18.3,24,1004.5,6.9,NA,5.5
620,1959,1,-1.5,1,12.1,27,-3.9,-12.8,5,73,39.4,6.2,2,1015.8,6.8,NA,6.2
620,1959,2,3.8,8,13.1,3,0.7,-11.3,21,69,76.8,24.6,28,1000.4,5.7,NA,6.7
620,1959,3,3.7,6.5,12.1,20,1.6,-6.9,7,77,115.9,27.9,14,997.9,5.9,NA,4.4
620,1959,4,0.9,2.8,7.5,2,-0.9,-5.8,6,77,52.2,15.7,6,1007.5,6.5,NA,5.7
620,1959,5,4.8,7.8,15.9,24,2.6,-5.1,5,83,49.5,26.8,8,1017.6,6,NA,2.7
620,1959,6,6.7,9.8,16.9,15,4.7,0.6,18,82,60.9,10.1,12,1009.1,6.5,NA,4.5
620,1959,7,7.9,10.3,14.8,28,6.3,4.1,13,90,90,38.4,6,1008.9,6.8,NA,2.9
620,1959,8,8.9,10.7,15.7,31,7.3,5.1,23,87,139.6,41.1,15,1007.5,7,NA,2.8
620,1959,9,9,11.7,15.6,1,6.8,3.1,6,78,101.1,52.1,26,1007.7,5.1,NA,4.5
620,1959,10,7.2,9.4,15.3,14,5.5,-0.4,28,82,130.4,21.8,22,1001,5.9,NA,4.9
620,1959,11,3,4.7,11.2,5,1.2,-5.4,11,80,175.2,25.6,10,1001.6,6.6,NA,5.7
620,1959,12,2.5,4.2,7.5,4,0.8,-5.4,16,85,230.4,32.8,8,992.9,6.9,NA,5.7
620,1960,1,1.9,4,8.9,9,-0.3,-7.1,17,82,73.9,15.5,4,1012.4,6.3,NA,4.1
620,1960,2,-0.1,2.4,17,8,-2.5,-11.6,16,76,90.3,22.5,3,1010.5,7.2,NA,8.9
620,1960,3,2.5,5.2,10.4,6,0.5,-8.9,2,84,92.6,17.4,16,1011.3,6.7,NA,4.8
620,1960,4,3.5,6.3,12.5,24,1.1,-2.2,23,78,90.2,27.8,4,1006.2,5.8,NA,3.8
620,1960,5,5,7.7,14,13,3.1,-1.2,23,88,163.6,47.9,22,1015.6,6.5,NA,4.1
620,1960,6,7.6,10.3,19.8,22,5.7,2.5,11,86,61.5,14.5,17,1013.3,6.5,NA,2.9
620,1960,7,8.6,10.1,12.4,2,7.3,5.5,2,90,186.6,54.4,30,1008.9,7.2,NA,3.5
620,1960,8,8.7,10.3,15.3,27,7.1,5.1,9,84,26.3,10.5,15,1017.1,7,NA,3.6
620,1960,9,8.7,11,18.7,13,6.9,2.8,25,82,60.5,27.1,7,1007.3,5.6,NA,4.5
620,1960,10,5.5,6.8,12.7,15,4.1,1.1,29,84,66.5,41.6,8,1016.6,6.1,NA,2.8
620,1960,11,4.5,5.9,9.3,8,3,-3.5,6,83,173.5,22.9,30,1003.1,7.2,NA,4.8
620,1960,12,2.3,4.2,10.4,13,0.2,-7.4,24,76,211,32.3,12,994.8,6.5,NA,7.1
620,1961,1,2.9,4.8,13.8,15,0.9,-5.3,6,76,113.4,30.1,12,1002.2,6.6,NA,6
620,1961,2,2.4,4.3,11.6,22,0.4,-7.4,2,74,77.3,11,9,997.1,6.2,NA,5.7
620,1961,3,1.1,4.4,11.8,21,-1.5,-7.2,27,67,74.5,20,16,1002.9,5.7,NA,4.6
620,1961,4,0.3,2.3,7.3,29,-1.5,-8.2,1,80,230.8,36.7,25,1010.5,6.7,NA,4
620,1961,5,5.8,8.9,14.7,16,3.7,-1.8,25,84,85.9,29.7,3,1013.2,5.7,NA,2.9
620,1961,6,6.5,8.8,13.2,22,4.7,3.1,9,80,110.2,38.3,16,1003,6.1,NA,3.1
620,1961,7,8,10,14.2,30,6.4,4.2,5,89,37,6.7,14,1010.9,6.9,NA,2.5
620,1961,8,8.7,10.3,13.3,30,7.3,4.3,25,91,128.9,20.7,27,1005,7.5,NA,2.6
620,1961,9,8.3,10.2,13.7,9,6.7,4,25,89,172.9,42.8,17,998.9,6.5,NA,5.1
620,1961,10,6.3,8.2,15.2,13,4.8,-2.3,31,83,195.6,31.2,26,998.8,6.9,NA,5.9
620,1961,11,4.1,6.6,13.9,14,1.7,-4.2,27,75,99.9,18.8,5,1001.2,6.2,NA,5.5
620,1961,12,-0.7,1.5,12.5,19,-2.9,-12.2,28,73,188.8,35.2,12,1012.1,6.9,NA,5.6
620,1962,1,2.6,4.6,12.5,29,0.5,-3.8,17,73,115.2,28.3,9,990.4,6.3,NA,5.7
620,1962,2,0.7,3.8,11.9,18,-1.8,-6.7,14,69,27.6,7.2,18,1008.6,4.8,NA,5.2
620,1962,3,-2.6,-0.3,8.3,20,-4.5,-7.8,5,76,21.1,4.2,29,1023.4,6.6,NA,6.1
620,1962,4,2.5,5,10.4,14,0.4,-6.2,3,85,43.4,11.1,22,1012.5,6.6,NA,4.5
620,1962,5,3.8,6.4,15.8,27,1.8,-2.4,30,85,60.1,27.7,19,1016.6,6.6,NA,3.2
620,1962,6,5.8,8.2,16.4,29,4.1,2.1,19,91,165.7,45.2,16,1010.7,7,NA,3.4
620,1962,7,7.9,10.4,17.2,6,6,3,6,87,20.2,5.4,9,1016.2,6.2,NA,3.3
620,1962,8,8,9.4,11.4,15,6.8,4.7,12,89,141.6,52.7,21,1008.3,7.3,NA,2.8
620,1962,9,7.2,9.5,14.6,21,5.3,1,16,79,147.7,33.7,28,1006.4,6.2,NA,3.8
620,1962,10,5.4,8.6,19.3,19,3,-6.8,25,77,120,27.3,30,1003.5,5.9,NA,4.5
620,1962,11,2.1,4.4,11.3,25,-0.1,-7.5,15,77,102.5,25.3,7,1009.7,5.9,NA,4.2
620,1962,12,1.6,4.3,14.2,23,-0.7,-7.4,12,77,83.5,29.1,8,1006.1,6.1,NA,5.5
620,1963,1,0.2,3,13.1,26,-2,-8.9,5,73,7.2,2.5,9,1027.3,5,NA,3.3
620,1963,2,1,3,8.8,28,-0.9,-7.8,4,82,49.3,8.7,27,1013.4,6.5,NA,5
620,1963,3,3.1,4.9,8.6,23,1.6,-4.2,21,89,184.5,34.5,15,1002.4,6.9,NA,4
620,1963,4,1.6,4.5,11.3,6,-0.5,-10.8,11,83,209.9,63.5,22,1009.7,6.2,NA,5.2
620,1963,5,3.9,6.1,10.4,26,1.9,-4.7,2,81,122.7,23.6,8,1002.8,6.4,NA,5.6
620,1963,6,6.6,9.2,16.4,4,4.7,2.8,3,92,101.7,38.7,21,1014.4,6.2,NA,2.8
620,1963,7,7.7,10.3,16.4,2,5.9,3.7,26,87,106.8,39.5,22,1010.6,6.6,NA,5.3
620,1963,8,7.1,9.5,13.9,6,5.7,3.7,29,90,51.6,28.9,26,1011.1,6.5,NA,4.6
620,1963,9,6.4,8.8,13.6,19,4.6,2,18,82,87.5,26.1,25,1001,5.8,NA,4.2
620,1963,10,5.5,7.9,11.4,22,3.5,-1.1,12,85,178.2,39.5,16,995.6,6.2,NA,6.4
620,1963,11,0.5,2.7,11.9,27,-1.9,-7.8,20,78,103.2,21.3,26,1004.3,6.4,NA,7.4
620,1963,12,1.6,4.2,10.2,28,-0.7,-6.3,21,77,115.6,33,26,1012.1,5.8,NA,3.9
620,1964,1,2.8,6.8,13.6,22,-0.1,-7.6,31,73,50.1,18.7,3,1008.3,5.1,NA,6.1
620,1964,2,2.4,5,12,7,0.1,-10.8,4,77,81.7,29.4,26,1009.4,4.8,NA,4.5
620,1964,3,4.7,7.3,14.1,8,2.7,-1.9,3,81,148.5,27.8,16,1010.5,6.2,NA,7.1
620,1964,4,2.8,5.1,10.4,27,0.9,-2.2,5,80,136.7,59.6,30,1010.5,6,NA,4.2
620,1964,5,4.3,6.4,12.6,24,2.7,-1.6,14,88,96.7,28.3,13,1008.4,6.9,NA,4.2
620,1964,6,6.5,9.3,15.4,24,4.2,0.9,10,82,117.1,52.7,11,1009.8,6,NA,4.2
620,1964,7,8.8,11.9,22.3,22,6.7,4.3,8,85,56,11.2,25,1003.7,5.8,NA,4.1
620,1964,8,8.2,10.6,15.6,3,6.2,1.4,21,79,112.2,27.1,5,1013.1,6.6,NA,5.9
620,1964,9,5.7,8,17.3,1,3.8,-0.9,21,82,114,25.7,26,1008.7,6.4,NA,5.4
620,1964,10,5.9,9.1,17.7,21,3.5,-5.1,24,77,23.3,5.9,11,1003.8,5.8,NA,6.2
620,1964,11,2.4,5.4,18.6,2,-0.1,-7.8,18,77,104.5,21.5,15,1003,5.8,NA,6
620,1964,12,-0.7,2,11.3,21,-3.4,-9.5,13,75,128.2,18.3,13,1000.3,5.6,NA,5.2
620,1965,1,-0.3,2.8,9,6,-2.6,-11.3,19,80,157.9,22.5,11,1000.4,6.6,NA,6.2
620,1965,2,3.3,7.8,13.8,7,0.2,-7.9,13,71,15.3,11,13,1025.5,4.4,NA,3.9
620,1965,3,-2.6,0.8,10.2,11,-5.5,-14.1,24,74,58.1,17.2,16,1013.2,5.4,NA,5.4
620,1965,4,0.5,3.4,9.5,2,-1.7,-6.9,6,85,98.3,32.7,11,1004.7,6.5,NA,4
620,1965,5,1.8,4.1,19.6,31,-0.2,-3.7,17,90,162.9,32.6,5,1019.3,6.8,NA,3.7
620,1965,6,4.8,7.2,12,26,2.8,0.5,8,86,221.8,64,24,1009.3,6.3,NA,4.3
620,1965,7,6.4,9.1,15.2,18,4.5,1.4,9,88,34.3,14.2,31,1014.8,6.8,NA,4.4
620,1965,8,7.2,9.7,14.3,10,5.2,3.1,7,88,118.1,44.9,18,1005.8,7.1,NA,4.4
620,1965,9,5.6,7.9,14.9,2,3.8,1,30,85,112.7,38,24,1007.2,6.9,NA,5
620,1965,10,6.6,9.7,16,22,4.2,-0.4,28,83,70,28,17,1005.5,6.3,NA,5.3
620,1965,11,0.8,3.1,18.9,5,-1,-8.6,28,78,94.1,13.3,22,1017.4,6.8,NA,7
620,1965,12,-1.4,0.7,8.9,15,-3.4,-10.1,26,76,128,44.9,15,1001.5,6.4,NA,4.3
620,1966,1,-0.7,2.1,10.5,5,-3.2,-13.6,24,77,193.8,58.1,30,1012.6,6.5,NA,7
620,1966,2,-1.8,-0.1,4.9,14,-3.7,-8.4,20,79,72.9,25,5,1011.2,6.5,NA,5
620,1966,3,-1.3,1.6,12.8,18,-3.3,-11.9,31,77,121.3,30,5,1006.3,6.3,NA,5.2
620,1966,4,1.8,3.5,9,30,0.1,-8.2,2,85,107.5,58.3,28,1012.3,6.8,NA,3.5
620,1966,5,3.2,5.8,14.4,29,1.3,-5.4,9,85,73.6,26.9,12,1010.3,6.7,NA,3.5
620,1966,6,6.9,9.3,15,12,4.8,2.9,4,90,151.9,41.2,23,1009.7,6.6,NA,3.7
620,1966,7,8.8,11.8,19.5,20,6.6,2.5,24,81,38.3,9.9,2,1008.1,6.7,NA,3.4
620,1966,8,8,10.8,16.7,25,6,1.8,23,86,111.9,33.6,4,1014.6,6.2,NA,4.9
620,1966,9,6.8,9.4,21.9,23,4.8,1.9,30,83,115.9,38.4,7,1009.4,6.9,NA,4.4
620,1966,10,3.6,5.6,11,30,1.6,-6,31,82,136.3,32.9,17,1012.1,6.9,NA,5.8
620,1966,11,1.2,4.6,12.2,18,-1.9,-7.7,27,71,58.6,17.5,14,1004.3,5.7,NA,5.6
620,1966,12,-0.2,2.2,9.9,5,-2.3,-9.3,25,76,126,11.2,23,993.1,6.4,NA,5
620,1967,1,1.1,4.1,14.8,9,-1.1,-5.7,8,77,97.4,51.1,31,1013.9,6.6,NA,3.9
620,1967,2,2,4.8,10.2,10,-0.2,-8.8,28,75,128.9,40.4,25,994.4,6.4,NA,5.7
620,1967,3,-2.8,0.1,7.9,4,-5.5,-10.4,23,73,96.2,17,15,995.1,6.4,NA,6.5
620,1967,4,1,4.5,12.4,27,-1.7,-12.6,17,71,34.7,13.1,2,1009.1,5.3,NA,4.5
620,1967,5,1.3,3.4,10.6,30,-0.5,-6.2,1,85,189.6,78.3,25,1016.3,7,NA,4.4
620,1967,6,5.7,8.8,16.8,16,3.3,0.3,8,82,50.5,26.3,29,1007.6,6.4,NA,3.9
620,1967,7,6.6,8.6,14.7,11,4.9,3,5,87,180.5,60.7,27,1007.3,6.7,NA,4.2
620,1967,8,6.7,9.1,15.5,19,4.7,1.7,9,90,27.9,13.9,26,1010,6.3,NA,3.1
620,1967,9,7.5,10.1,19.8,11,5.6,2.6,7,84,49.4,12.4,15,1005.4,5.9,NA,3.8
620,1967,10,3.2,4.9,10.6,9,1.6,-8.1,17,82,180.9,37.4,8,996,6.9,NA,4.6
620,1967,11,1.6,5.2,14.5,18,-1.4,-9.4,29,68,40.3,9.3,4,1002.5,5.3,NA,6.4
620,1967,12,-0.2,3.1,11.5,14,-3,-12,8,78,105.6,26.8,28,1006,6.1,NA,4.8
620,1968,1,-1.6,2.2,11,24,-4.6,-16.5,2,73,82,11.9,31,1002.4,6.1,NA,5.6
620,1968,2,-1.9,1.2,11.8,25,-4.7,-13.5,13,73,46.3,19.1,4,1010.1,5.4,NA,4
620,1968,3,-2,1.6,14.5,7,-4.7,-15.2,31,76,69.4,10.6,27,1001.2,5.7,NA,4.6
620,1968,4,-0.4,2.8,9.2,14,-3,-19.2,1,79,60.3,26.1,28,1015.2,4.8,NA,3.5
620,1968,5,0.3,3.3,12.6,29,-2.4,-7.6,6,81,28.2,8.9,13,1021.9,4,NA,2.7
620,1968,6,4.4,7.2,15.2,13,2.2,0.3,22,87,133.9,35,5,1009.5,6.4,NA,3.6
620,1968,7,7.2,10.6,16.6,29,4.6,1,7,88,51.2,39.2,1,1019.6,4.9,NA,2.4
620,1968,8,8.9,11.8,21.6,1,6.8,3.4,24,84,70.5,28.1,31,1012.3,5.6,NA,5
620,1968,9,6.5,8.9,12.7,4,5,0.8,30,91,111.5,27.4,28,1011.1,6.9,NA,3.8
620,1968,10,2,3.7,10.1,20,0.5,-8.6,30,85,189.8,38.5,20,1013.3,6.6,NA,6.5
620,1968,11,3.9,5.8,11.2,17,2.2,-5.6,1,87,334.4,87.4,13,1009.3,6.4,NA,7.2
620,1968,12,0.5,3.5,10.1,13,-1.8,-12.3,18,77,94.6,24.9,13,1008.6,5.1,NA,6.1
620,1969,1,-1.1,1.2,11.7,1,-3.1,-14.6,15,87,184,27,25,1009.8,7.2,NA,8.2
620,1969,2,-2.9,-0.3,9.7,28,-5.9,-16.9,6,75,79.5,15.7,12,1014.5,5.9,NA,6.2
620,1969,3,-2.2,1.1,12.1,5,-4.4,-17.1,8,77,38.3,9.5,21,1014.6,5.6,NA,6.1
620,1969,4,0.9,4.2,10.9,7,-1.4,-7.3,6,78,43.7,9.9,25,1010.3,5.5,NA,6.5
620,1969,5,1.9,4.1,10.2,22,0.4,-3.6,16,87,25.5,6.9,3,1019.9,6.3,NA,4.7
620,1969,6,6.2,9.3,15.4,12,4,-0.6,2,87,136.5,42.8,20,1009.7,5.9,NA,3.5
620,1969,7,7.2,10.3,16.8,12,4.9,2.2,8,86,128.2,31.2,26,1005.3,6.1,NA,4.1
620,1969,8,7.9,10.6,17.4,30,5.8,2.4,17,90,119.3,20.6,18,1011.3,6,NA,4.2
620,1969,9,6.1,8.9,14.7,20,4,-1.7,30,79,34.2,9.2,8,1005.4,5.4,NA,5
620,1969,10,4.8,7.2,11.9,12,2.5,-2.6,1,78,178.5,40.5,5,999.1,5.6,NA,5
620,1969,11,-1.1,1.5,9.6,18,-3.5,-8.4,27,71,104.4,18.8,10,1002.5,5.2,NA,6.5
620,1969,12,0.8,3.7,13.2,9,-1.5,-10,11,78,135.9,36,25,1003.9,5.8,NA,5.7
620,1970,1,0.5,2.5,8.9,20,-1.4,-13.2,8,85,277.9,48.9,21,1002.6,6.8,NA,8
620,1970,2,-1.6,0.4,12.7,28,-3.6,-10.2,5,78,178,86.3,2,1005.6,5.9,NA,6.5
620,1970,3,-3.1,-0.6,9.4,15,-5.4,-13.6,26,74,69,10,21,1011.3,5.9,NA,7.4
620,1970,4,0,2.5,6.8,30,-1.8,-5.1,28,81,73.5,27.9,15,1010,5.7,NA,3.8
620,1970,5,3.4,6.2,14.1,9,1.6,-1.3,22,88,99.6,19.8,2,1008.9,6.3,NA,4.7
620,1970,6,7.1,10.7,14.7,17,4.4,-0.1,1,85,6.7,2.8,16,1012,4.7,NA,3.8
620,1970,7,6.5,9.2,18.4,16,4.9,2.4,25,84,209.2,77.7,22,1006.3,6.3,NA,6
620,1970,8,7.6,10.1,18.9,7,5.7,2.9,12,87,99.4,25.6,13,1009.6,6,NA,4.5
620,1970,9,6.1,8,12.3,28,4.6,1.9,20,84,224.3,45.9,27,1005.8,6.4,NA,6.4
620,1970,10,3.8,6.1,12.5,15,2,-4.2,27,79,96.5,10,9,1006.8,6.1,NA,6.6
620,1970,11,1.7,3.6,16.7,27,-0.2,-4.1,26,76,89,15.8,21,1004.5,6.2,NA,5.5
620,1970,12,2.3,5.7,16.4,9,-0.6,-7.2,20,72,70.9,21.1,17,1011.6,4.5,NA,5.6
620,1971,1,-2.6,-0.3,8.3,13,-5.1,-12.6,20,75,89.9,20.2,7,1002.4,5.9,NA,6.3
620,1971,2,1.6,5.2,15.6,3,-1.7,-5.5,22,72,94.2,20.9,28,997.9,5.6,NA,6.6
620,1971,3,0.4,3,12.7,6,-1.9,-7.8,9,79,143.5,42.3,25,1010.8,6,NA,6.2
620,1971,4,1.2,4.4,13.5,10,-0.9,-6.2,16,78,138.4,70.9,23,1014.1,5.7,NA,5.1
620,1971,5,3.9,6,11.1,5,2.3,-0.2,3,89,90.9,24.3,30,1007.6,6.6,NA,4.4
620,1971,6,5.6,8.1,13.5,4,3.7,1.7,21,82,48,27.3,28,1018.8,5.1,NA,4.7
620,1971,7,8.1,11,19.6,7,6,3.4,22,85,85.1,29,1,1013.6,5.7,NA,4.1
620,1971,8,8.4,11,17.7,16,6.5,4.3,26,80,105,52.6,26,1004.2,5.7,NA,4.8
620,1971,9,7,9.7,17.2,18,5,0.1,24,82,144.8,50.5,21,1009.9,5.8,NA,4.9
620,1971,10,4.3,6.8,13.1,27,2.3,-5,11,82,156.4,34.3,20,1004.1,5.9,NA,6.4
620,1971,11,0.8,4.6,19.7,10,-2.1,-9.7,17,77,127.6,28,13,1005.8,5.8,NA,6.4
620,1971,12,0.9,4,12.4,9,-2.1,-8.8,13,74,144.3,33.2,15,999.4,4.5,NA,5.1
620,1972,1,3,5,10.2,29,1.2,-6.3,27,82,158.2,24.6,15,999.8,5.8,NA,8.2
620,1972,2,2.3,4.3,10.1,20,0.5,-10.3,16,81,76.1,20.9,5,1003.3,6.4,NA,6
620,1972,3,2.6,5.3,14.1,11,0.7,-5.3,23,79,82.2,10.8,9,1001.4,6.2,NA,6.9
620,1972,4,2.1,5,17.3,24,0.2,-4.7,7,81,143.5,44.5,28,1008.2,5.6,NA,5.8
620,1972,5,5.2,7.1,14.1,16,3.5,-1.3,1,87,100.7,26.7,10,1013.6,6.2,NA,4.8
620,1972,6,6.5,8.6,18,14,5.1,3.4,11,89,130.7,33,29,1003.9,6.6,NA,4.6
620,1972,7,8.7,11.2,15.3,27,7.1,6,9,88,56.3,14.5,3,1008.9,6.1,NA,4.5
620,1972,8,9.1,11.8,17.9,14,7.4,4.2,11,79,53.7,12.4,8,1008.6,5.9,NA,6
620,1972,9,7.8,10.5,16.7,1,5.9,1.8,6,80,107.1,28.4,30,1012.3,5.1,NA,5.1
620,1972,10,5.4,8.1,15.8,18,3.4,-3.2,11,73,230.4,133.8,28,1006.8,5,NA,5.3
620,1972,11,1.8,3.9,11.7,26,0,-6.2,23,77,186.9,49.7,20,998.2,6,NA,7.5
620,1972,12,2.9,5.2,11.4,19,1.3,-2.2,9,80,325.2,39.9,5,990.6,5.9,NA,7.4
620,1973,1,3.6,6,15.7,5,1.6,-2.6,28,79,140.1,34.2,19,1000.3,5.4,NA,5.3
620,1973,2,-2,1.2,9.7,2,-4.5,-10,24,75,177.8,34.1,14,997.4,5.9,NA,6.4
620,1973,3,2.5,5.7,10.9,19,0.2,-6.9,31,72,59,23.7,28,1002,5.3,NA,5.3
620,1973,4,0.8,3.6,11.5,19,-1.6,-8.7,2,82,89.2,36.4,5,1017.9,6,NA,5.3
620,1973,5,2.9,5.2,12.2,16,1.1,-3,2,80,50,15.9,1,1014.4,4.8,NA,5.6
620,1973,6,5.6,8,15.8,6,3.8,-0.2,13,85,50.7,9.9,26,1006,6.2,NA,5
620,1973,7,7.6,10.8,22.7,27,5.5,3.6,9,90,73.2,22.6,6,1010.5,5.8,NA,3.9
620,1973,8,8.3,10.7,14.9,26,6.7,4.4,18,86,101,33.6,6,1007.5,5.6,NA,4.8
620,1973,9,7.8,9.9,17.1,14,6.1,2.7,8,85,161.4,49.5,1,1008.3,5.3,NA,4.7
620,1973,10,4.8,7.6,23.5,1,2.5,-3.7,18,75,129.1,40.8,8,1011.7,5.4,NA,5.1
620,1973,11,-2,0.4,9.7,7,-4.2,-9.4,23,76,112,13.7,12,1011.1,5.4,NA,5.5
620,1973,12,-2.3,0.9,15.9,2,-5.5,-15.4,18,75,131.9,21.3,29,1002.8,5.5,NA,6.3
620,1974,1,2.3,4.5,10.8,20,0.7,-3.2,1,84,215.4,38.2,4,982.4,6.3,NA,6.1
620,1974,2,0.5,3,11.6,26,-1.8,-7.6,17,79,265.5,73.3,1,998.9,6.2,NA,7.7
620,1974,3,3.6,5.9,11.6,30,1.6,-2.3,3,78,78.7,17.5,1,1009.6,5.8,NA,7.5
620,1974,4,5.4,8.7,14.1,24,2.8,-4.1,8,75,49.7,12.6,9,1016.6,4.3,NA,3.9
620,1974,5,4.7,6.8,15.7,25,3,0,7,86,111.7,17.6,12,1014.5,6.6,NA,5.1
620,1974,6,6.4,8.6,13.7,24,4.8,2.1,26,89,155.4,34.9,3,1009.4,6.4,NA,5.4
620,1974,7,8.7,11,18.7,19,6.9,5.5,2,81,117.7,42,9,1006.4,5.9,NA,5.1
620,1974,8,8,9.4,12.1,7,6.7,4.2,27,88,271.8,73.6,25,1009.5,7,NA,5.3
620,1974,9,5.9,7.5,12,12,4.5,0.1,30,83,267.8,67.2,27,1001.9,6.3,NA,7.4
620,1974,10,4.4,6.9,13,23,2.2,-4.3,28,75,76.6,16.9,27,1011.5,4.8,NA,5.2
620,1974,11,3.7,5,10.3,5,2.2,-1.2,18,84,232.4,57.5,3,1000.7,6.1,NA,6.4
620,1974,12,-1.4,1.1,8.7,31,-3.7,-10.2,23,75,142.7,27.2,25,992.5,5.3,NA,7.4
620,1975,1,-1,1.1,13.6,1,-3.2,-7.5,6,77,134.6,22.7,13,991,6.3,NA,8.3
620,1975,2,2.8,5.3,10.7,4,0.6,-5.5,13,77,59.5,15,16,1006.6,5.2,NA,6.1
620,1975,3,-0.3,3,9.1,12,-2.8,-12.5,24,72,74.8,35.1,7,1008.6,5.2,NA,6.3
620,1975,4,0.3,3,11.9,4,-2.2,-9.6,12,82,92.5,26.1,30,1013.1,6.2,NA,5.2
620,1975,5,4.1,7.2,13.7,26,1.8,-4.5,12,78,15,9.3,1,1020.8,4.2,NA,4.5
620,1975,6,5.2,7.8,14.2,23,2.9,-1.9,1,82,47.2,22.5,7,1014.6,6.1,NA,5.5
620,1975,7,8.5,11.4,19.1,4,6.4,4.3,31,84,93,29.6,24,1006.5,5.3,NA,5.2
620,1975,8,8.6,11.3,15.9,26,6.6,3.4,22,88,37.1,8.4,6,1011.2,5.7,NA,4.7
620,1975,9,5.2,7.6,18,15,3.4,-0.6,26,76,155.1,51.5,24,1000.8,5.6,NA,6
620,1975,10,5,7,12.9,11,3.4,-1,30,85,104,25.8,1,1009.1,6.5,NA,5.7
620,1975,11,3,5.4,15.3,8,0.5,-4.3,15,76,132,25.3,3,1001.2,5.1,NA,7.5
620,1975,12,0.3,5.7,15,26,-3.6,-9.6,24,65,63.3,13.7,2,1002.7,4.8,NA,6.5
620,1976,1,-1.7,0.6,8.3,17,-4.4,-11.4,12,74,119.7,35.6,7,1001.2,5.5,NA,5.4
620,1976,2,2,5,10.9,17,-0.2,-6.8,29,72,128.5,24.4,23,996.4,5.1,NA,6.6
620,1976,3,2.1,4,10.1,3,0.1,-5.4,1,78,245.2,35.3,11,999.1,5.9,NA,8.3
620,1976,4,1.4,4.7,11.4,20,-1,-8.4,12,79,79.7,22,4,1012.3,5.7,NA,4.8
620,1976,5,2.9,5.2,11.1,24,1,-6.6,5,86,206.2,67.1,15,1007.3,6.4,NA,4.4
620,1976,6,6.2,8.8,13.4,29,4.3,0.8,1,88,108.7,27.1,9,1008.9,5.8,NA,4.5
620,1976,7,8.3,11,15.7,25,6.4,4,3,88,91.3,21.5,29,1012.5,6,NA,2.8
620,1976,8,11,15.4,25.1,28,8.5,5.7,30,76,12.4,9.5,23,1009.8,4.6,NA,4.2
620,1976,9,7.8,10.5,19.9,4,5.8,2.5,9,82,22.2,6.9,19,1018.2,5.4,NA,4.3
620,1976,10,6.6,7.8,10.5,1,5.5,2.4,17,88,282.6,47.1,7,998.8,6.3,NA,5.1
620,1976,11,3.6,5.6,14.4,19,1.8,-5.1,22,78,212.1,31.4,29,1000.6,6.1,NA,6.9
620,1976,12,-0.5,1.5,10.4,12,-2.3,-10.5,31,77,72.6,13.3,2,1011.7,5,NA,6.4
620,1977,1,-0.1,1.8,11.6,3,-2,-10.1,1,80,131.3,17.5,22,1009.7,6.7,NA,8.1
620,1977,2,0.9,2.1,4.6,18,-0.3,-2.8,26,81,56.8,10.6,3,1009.2,6.1,NA,4.5
620,1977,3,1.3,3.6,8.6,8,-0.7,-9.5,29,82,250.5,65.9,12,1007.2,6,NA,4.1
620,1977,4,0.1,2.2,9.2,9,-1.8,-7.3,17,77,85,20.3,27,1009.5,6,NA,5.5
620,1977,5,4,6.7,15.3,23,2,-3.1,1,77,22.6,12.9,5,1021.2,4.9,NA,3.8
620,1977,6,6.8,9.4,16.9,16,4.5,-0.5,9,80,12.7,3.1,3,1013.9,5.5,NA,4.6
620,1977,7,7.8,10.5,18.8,29,5.8,2.1,26,89,221.7,149.3,3,1013.1,6.2,NA,3.6
620,1977,8,7.6,10,16.4,28,5.9,3.1,14,85,76.7,35.2,28,1014.1,6,NA,4.2
620,1977,9,6.8,9.5,16.8,13,4.7,1,10,74,89.2,22.9,8,1008.1,4.5,NA,3.7
620,1977,10,5.1,6.9,10.8,29,3.4,0.8,6,86,259.1,49.5,13,998.8,6.8,NA,5.1
620,1977,11,0.3,2.9,12.1,27,-1.9,-9,19,75,127.1,31.5,12,1000.3,6.1,NA,6.7
620,1977,12,2,5,10.9,28,-0.5,-14.3,19,78,94.6,21.9,11,1002.7,5.9,NA,6.5
620,1978,1,-0.9,1.7,12.7,14,-3.4,-9.3,3,74,128.4,32.8,23,1000.8,5.7,NA,6.3
620,1978,2,-1.1,0.5,4.2,5,-2.8,-9,16,82,103.6,16.7,3,1012.4,6.8,NA,5.6
620,1978,3,0.8,3,8.6,10,-0.8,-7.4,5,83,201.1,51.5,2,995.6,6.5,NA,5.5
620,1978,4,1.6,3.7,10.1,5,-0.3,-8.7,9,80,21.2,7.5,15,1020.5,5.5,NA,4
620,1978,5,4.5,7.3,12,29,2.3,-5.1,4,81,31.5,8.2,22,1012.9,5.4,NA,5.8
620,1978,6,6.5,9.5,14.6,10,4.3,1.2,6,79,68.2,27.7,6,1010.2,5.9,NA,4.3
620,1978,7,7.9,10,13.7,30,6.1,2.5,1,88,311.3,61.6,2,1013,6.7,NA,4.5
620,1978,8,8.6,10.8,16.4,2,7,3.8,10,87,82,23.2,19,1012.9,6.2,NA,4.4
620,1978,9,6.5,8.1,15.1,20,5.2,2.6,18,86,217.6,31.7,23,1006.5,6.8,NA,4.9
620,1978,10,5,7.8,13.9,10,2.7,-3.2,20,72,77.4,16.5,2,1002.9,4.7,NA,5.3
620,1978,11,1.9,4.3,11.2,7,-0.2,-7.8,27,72,114.8,25.3,2,994.7,5.1,NA,5.6
620,1978,12,1.9,3.3,9.7,18,0.6,-5.5,29,82,124.3,32.5,20,1011.5,7.1,NA,5.7
620,1979,1,-2.9,-0.1,5.4,18,-5.2,-11.7,31,73,105.4,19.3,15,1010.8,5.2,NA,6.5
620,1979,2,0,2.4,9.8,25,-2,-10.3,7,75,104.3,44.9,21,1006.2,5.9,NA,6.3
620,1979,3,-3.6,-1.1,6.1,19,-6,-10.4,1,70,47.1,13.5,3,1000,4.7,NA,5.4
620,1979,4,0,2.4,9.3,27,-1.6,-6.2,30,84,54.4,12,6,1016.4,6.5,NA,5.3
620,1979,5,-0.7,0.8,9.8,31,-2.1,-7.4,1,82,177.9,67.9,22,1014.8,6.6,NA,6.2
620,1979,6,6.4,9.7,15.9,10,4.3,1.5,15,82,46.2,8.9,29,1008.6,5.8,NA,3.8
620,1979,7,6.5,8.7,12.9,5,4.9,3.1,23,89,61.5,20.8,30,1009.4,6.7,NA,4.3
620,1979,8,6.8,8.9,11.7,9,5.3,3.4,26,89,155.9,85.5,7,1009,6.4,NA,4.4
620,1979,9,4.4,6.6,13.4,10,3,0.4,28,79,211.2,74.5,6,1004.2,6,NA,5.1
620,1979,10,4,5.9,10.6,22,2.6,-2.7,21,88,156,35,31,1004.8,6.5,NA,7.6
620,1979,11,1.2,2.9,10.1,20,-0.1,-7.1,9,82,99.3,22,3,997.2,5.5,NA,4.8
620,1979,12,1.2,3.3,11.6,21,-0.1,-5.7,31,77,117.2,23.1,26,994.2,5.5,NA,5.4
620,1980,1,0.5,2.5,12.4,12,-1.4,-7.4,1,78,108.1,23,10,1011.3,5.7,NA,6.8
620,1980,2,1.4,3.8,13.9,24,-0.6,-7.6,4,76,128.3,31.2,18,1005.3,5.3,NA,6
620,1980,3,0.9,3.2,12.9,19,-1.1,-8.6,2,82,113.9,17.9,16,1008.1,6,NA,5.9
620,1980,4,3.7,7,14.8,21,0.7,-4.7,3,69,40.4,10,2,1008.9,4.6,NA,5.5
620,1980,5,4.6,7.4,14,22,2.7,-4.3,7,84,97.7,36.9,31,1020.3,5,NA,4.7
620,1980,6,6.2,8.2,11.8,12,4.7,2.3,5,90,155.3,73.9,20,1010.9,6.3,NA,4.3
620,1980,7,7.3,9.3,14.5,29,5.8,2.5,1,92,61.4,8.1,12,1014.6,6.7,NA,3.3
620,1980,8,8.9,10.6,13,10,7.4,4.7,27,85,56.7,25,20,1012.4,6,NA,4.5
620,1980,9,7.4,9.4,12.8,2,6,1.5,19,82,306.6,159.8,17,1003.9,5.8,NA,5.2
620,1980,10,2.4,3.9,10.7,31,0.7,-2.3,16,78,147,42.9,8,1010,7,NA,7.7
620,1980,11,1.3,4,12.6,30,-1,-8.5,27,71,45.5,10.3,1,1013.1,4.8,NA,6.3
620,1980,12,-1.2,2.1,11.7,4,-3.6,-10,18,74,86.2,13.7,20,998.6,6,NA,6.6
620,1981,1,-1.2,2.8,16.6,27,-4.5,-13.1,15,72,89.3,23,19,1004.1,5.5,NA,6.3
620,1981,2,-0.7,2.8,8.1,5,-3.6,-10.6,4,74,100.6,22.6,24,1000.4,5,NA,7.3
620,1981,3,-1.1,0.6,8.1,31,-2.9,-8.6,19,87,132.1,19.5,28,1004.5,7,NA,8.3
620,1981,4,2.4,6.2,17.2,19,-0.3,-6.6,23,70,50.8,18.4,1,1019,4.1,NA,5.2
620,1981,5,2.1,4.5,8.7,11,0.4,-5.4,1,84,51.2,8.7,22,1013.8,6.4,NA,4.7
620,1981,6,4.8,7.2,15.6,22,2.9,-1,8,83,48.5,21.1,14,1014.6,6.4,NA,5
620,1981,7,7,9.6,17.1,24,5.3,2.2,23,86,71.6,20.8,6,1008,6.6,NA,3.8
620,1981,8,8.8,11.2,16.6,27,6.8,4.1,16,83,117.6,25.4,21,1008.6,5.3,NA,4.9
620,1981,9,6.1,8,14.7,2,4.6,-0.1,30,86,340.4,61.3,11,1005.5,7.1,NA,6.5
620,1981,10,1.5,3,9,22,-0.1,-3.6,13,81,160.2,19.8,11,1005.4,6.7,NA,6.9
620,1981,11,0.6,2.8,10.1,15,-1.7,-8.7,19,75,140.2,47.4,4,1005.9,6,NA,6.1
620,1981,12,-0.7,1.5,16.6,3,-2.8,-8.3,8,77,77.8,17.3,23,1008.1,6.4,NA,7.7
620,1982,1,-0.3,1.9,11.2,13,-2.6,-6.3,8,77,157.3,51.8,21,1008.7,6.3,NA,4.7
620,1982,2,2.2,4.6,9.2,17,0.5,-2.8,15,80,256.8,72.5,25,992,5.9,NA,5.9
620,1982,3,1.2,3.6,11.2,24,-1.2,-6.1,2,74,82.9,13.2,16,996.8,5.4,NA,6
620,1982,4,2.7,5.8,13.7,26,0.1,-6.6,30,67,35.3,18.3,2,1009,4.8,NA,4.9
620,1982,5,1.6,3.3,11.6,11,-0.2,-6.9,1,87,113,26.2,30,1014.9,6.8,NA,4.9
620,1982,6,4.8,7.2,11.5,1,2.8,0.6,13,87,25.2,5.6,1,1019.6,5.7,NA,3.4
620,1982,7,8.9,12.2,23.5,27,6.1,1.5,2,82,49.4,28.8,8,1010.5,6,NA,3.4
620,1982,8,7.8,9.7,13.7,31,6.2,3.4,1,84,97.3,20.6,19,1005.6,6.7,NA,5.1
620,1982,9,5.6,7.6,12.7,1,3.7,0.1,22,77,159.6,58.7,26,1002.3,5.9,NA,5.1
620,1982,10,4.8,6.5,10.6,3,3.1,0.9,22,82,224.5,46.2,18,1000.4,5.7,NA,5
620,1982,11,1.3,3.2,8.4,5,-0.6,-5.1,23,75,141.3,33,5,994.3,6,NA,6.6
620,1982,12,0.2,3,10.9,2,-2.4,-10.3,17,72,103,14.3,20,993.8,5.9,NA,7.7
620,1983,1,-0.4,2.4,12.6,20,-2.9,-7.5,17,65,184.4,83.5,9,985.9,4.7,NA,6.4
620,1983,2,1.6,5.4,12.6,8,-1.8,-9.8,2,71,48.9,26.1,5,1013.8,4.9,NA,6
620,1983,3,-0.4,2.3,10.5,1,-3,-9.2,10,79,162,56.8,14,999.1,6.4,NA,6.9
620,1983,4,-1.1,1,5.1,11,-3.1,-7.6,9,75,124.5,25.8,16,1012.8,5.9,NA,6.3
620,1983,5,2.4,4.5,12.3,28,0.6,-1.7,4,83,201.5,64,12,1015.4,6.7,NA,5.9
620,1983,6,6.2,9.3,14.8,5,3.8,0,2,80,61.2,31,11,1009.8,5.7,NA,4.4
620,1983,7,8.1,10.8,17.5,21,6,3.7,17,81,27.6,7.8,29,1007.4,5.9,NA,4.8
620,1983,8,8.9,12.3,17.3,9,6.8,4.3,31,78,53.8,18.6,27,1007.6,5.8,NA,4.7
620,1983,9,5.5,7.3,17.1,25,3.8,-0.3,29,74,134.6,51.7,19,1010.1,5.9,NA,6.2
620,1983,10,3.2,5.6,12.1,21,1.1,-5.7,23,77,504.4,200,3,999.3,6.3,NA,7.4
620,1983,11,1.6,4.3,14.2,14,-1.1,-7.1,29,72,112,34.8,7,1009.2,5.3,NA,5.3
620,1983,12,0.6,2.7,12.2,1,-1.5,-7.1,22,72,112.5,21.3,16,999.3,5.1,NA,7
620,1984,1,-1,0.8,7.7,9,-3.2,-7.9,3,71,150.1,37.1,29,989.7,5.2,NA,6.4
620,1984,2,2.3,5.2,13.3,12,-0.1,-6.4,29,72,112.9,20.9,8,997.3,5.7,NA,7.7
620,1984,3,1,3.7,12.4,8,-1.1,-10.1,1,72,71.3,21.1,26,1017.8,5,NA,6.5
620,1984,4,3.5,6.2,13.7,25,1.4,-4.6,12,74,49.2,16.4,15,1006.8,5.2,NA,6.4
620,1984,5,4.9,7.5,13.2,22,2.8,-2.7,6,78,14.8,4.4,14,1011.7,5.3,NA,5.5
620,1984,6,7.2,9.6,13.2,19,5.5,2.3,23,87,72.8,22.3,1,1013.5,5.8,NA,4.6
620,1984,7,10,12.6,19.3,18,8.4,6.6,1,88,36.3,8.7,14,1011.4,6.3,NA,3.8
620,1984,8,10.3,13.5,22.4,20,8.5,5.9,31,81,48.3,21.9,29,1009.4,4.7,NA,4.7
620,1984,9,7,9,16.6,6,5.4,1.7,12,83,193.8,54.1,14,1006.6,6.1,NA,6.6
620,1984,10,4.3,5.8,8.9,2,2.9,-0.3,18,79,143.3,37.5,13,1001,5.9,NA,4.7
620,1984,11,2.6,4.2,7.4,27,1,-3.6,3,84,261.8,51.4,10,1000.1,6.4,NA,6
620,1984,12,3,5.1,10.4,11,0.9,-2.6,25,73,135.3,45,26,996.3,4.9,NA,7.5
620,1985,1,0.4,2.4,11.1,12,-1.4,-9.5,31,73,59.2,10.5,28,1017.1,4.9,NA,6.7
620,1985,2,0.9,3.1,10.2,28,-1.2,-10.9,1,72,28.8,5.4,1,1012.2,5.1,NA,5.9
620,1985,3,-0.2,2.3,9.3,6,-2.2,-11.5,28,73,111.2,17.8,8,1009,5.5,NA,7.1
620,1985,4,1.4,3.5,11.9,23,-0.3,-6.2,27,79,117.4,26.8,5,1010.9,6.7,NA,5.5
620,1985,5,4.5,6.8,12.2,19,2.7,-1.4,23,83,77.7,14.1,28,1016.2,5.4,NA,5.9
620,1985,6,6.2,8.4,14.2,2,4.8,1.5,5,85,66,22.4,28,1014.1,6.2,NA,5.1
620,1985,7,7.7,9.9,13.8,25,6.2,3.5,8,87,132.1,58.5,18,1008,6.6,NA,4.8
620,1985,8,7.2,8.9,13.7,13,5.8,2.9,27,88,480.5,99.7,20,1006.9,7.1,NA,6
620,1985,9,5.5,7.7,13,30,3.7,1,21,80,115.6,30.6,10,1010,6,NA,4.6
620,1985,10,6.2,10,21.5,14,3.7,-2.1,10,74,138.4,46.9,5,1006,5.5,NA,5.7
620,1985,11,0.7,3,10.3,1,-1.5,-6.7,9,68,76.9,15.9,9,1014.4,4.5,NA,6.9
620,1985,12,-0.8,0.8,7.9,11,-2.5,-9.3,26,75,141.4,29.4,23,1010.4,6.6,NA,7.1
620,1986,1,1.1,2.8,9.4,26,-1.1,-5.7,3,74,108.7,26,12,998.2,6,NA,7.6
620,1986,2,1,3.5,8.6,13,-1.1,-7.3,21,73,20.1,14.9,11,1025.9,4.2,NA,5
620,1986,3,1.5,3.7,8.4,14,-0.5,-5.4,4,75,182.6,34.3,14,989.2,6.1,NA,7.9
620,1986,4,1.9,4.3,10.4,6,0,-7.7,16,78,71.3,14,20,1013.2,6.2,NA,5
620,1986,5,2.5,4.4,11.2,29,1.1,-2.4,4,81,227.2,68.4,22,1006.8,6.6,NA,6.9
620,1986,6,7.8,11.2,18.4,28,5.2,1.9,4,80,39.2,14,9,1010.6,4.2,NA,3.9
620,1986,7,9.2,11.8,17.4,14,7.6,4.3,31,81,78.9,38.6,27,1007.9,6.3,NA,5.2
620,1986,8,8.4,10.5,16.8,31,6.8,3.7,4,83,20.2,8.2,12,1016.8,6.2,NA,4.5
620,1986,9,6.6,9.6,15,1,4.4,1.4,10,71,76.4,41.9,28,1012.3,4.9,NA,5
620,1986,10,4,7,14.2,1,1.9,-3.1,2,70,115.6,24.1,17,991,4.2,NA,5.8
620,1986,11,1.9,3.9,7.8,3,-0.3,-5.5,11,75,227.7,53.1,25,992,5.5,NA,6.6
620,1986,12,1.1,3.1,11.1,23,-0.9,-7.8,2,73,126.4,24.8,11,994.5,5.3,NA,7.4
620,1987,1,2.6,5,13.9,23,0.6,-3.1,25,73,29.6,10.8,17,1016,4.6,NA,5.6
620,1987,2,0.1,2.5,8.3,19,-1.9,-9.2,15,75,112,42.5,28,1008.2,5.9,NA,5.3
620,1987,3,0.7,3.3,10,12,-1.5,-8.2,21,75,102.9,21,6,1006.7,5.7,NA,8.3
620,1987,4,3.4,5.8,11.2,22,1.3,-5.5,1,72,65.5,19.9,10,1004.8,4.7,NA,5.4
620,1987,5,5.3,8.2,20.5,21,2.7,-2.8,2,75,13.4,5.3,2,1018.1,4.7,NA,4.4
620,1987,6,5.9,7.4,10.3,16,4.7,1,12,85,111.7,32.4,29,1017.3,6.9,NA,4.4
620,1987,7,8.7,11.1,18.5,21,6.8,5.4,9,87,164,45.3,16,1010.9,6.2,NA,4.7
620,1987,8,9,11.1,15.7,28,7.5,5.4,23,83,42.9,9.9,20,1016.1,6,NA,4.3
620,1987,9,7.1,8.6,14.3,28,5.5,0.3,15,84,296.4,70.3,4,1002.2,6.9,NA,7
620,1987,10,3.9,5.5,12.8,4,2.4,-2.6,8,76,192.8,44.3,15,1000.6,6,NA,7
620,1987,11,4.7,6.8,13.4,3,2.2,-4,24,72,63.7,25.1,19,1005.9,5.5,NA,5
620,1987,12,2.1,4.5,13.3,9,0.1,-6.8,25,79,146.5,30.7,20,1007.1,6.5,NA,5.5
620,1988,1,-2,0,5.8,16,-4,-12.4,23,76,243.4,45.3,10,998.5,6,NA,8.4
620,1988,2,-0.7,1.7,10.5,27,-2.9,-8,9,67,91,27.8,13,1004.1,5,NA,6.9
620,1988,3,-1.4,0.9,7.4,2,-3.3,-11.3,13,76,102.8,33.1,25,1007.9,6.2,NA,5.8
620,1988,4,-1.1,1.9,9.8,26,-3.1,-9.7,8,77,74.1,27.3,15,1018.4,6.1,NA,6.7
620,1988,5,3.1,5.8,12.5,15,1.3,-2.7,1,82,112.2,42.7,30,1016,5.9,NA,7.1
620,1988,6,7.5,11.5,20.6,9,4.8,-0.5,3,80,23.1,9.9,1,1011.2,4.9,NA,5.1
620,1988,7,7.7,9.4,14.1,22,6.3,4.3,15,89,217.4,40.3,27,1007.5,6.6,NA,5.7
620,1988,8,8.5,10.3,15.7,22,7.1,4.9,21,92,290.6,74.1,14,1003.6,7.2,NA,6.3
620,1988,9,7.1,9.8,25.8,14,5.1,-1,30,82,353.2,52.9,22,1003.7,6.6,NA,6.5
620,1988,10,4.1,6.6,13.2,15,2,-3.4,28,74,140.5,50.8,7,1009.6,5.2,NA,6.7
620,1988,11,2.3,5.3,14.2,24,0,-5.8,20,74,74.1,19.7,11,1009.3,5,NA,4.7
620,1988,12,1.3,4.3,11,14,-1.8,-9.5,23,71,131.9,20.4,31,999.4,5.1,NA,5.9
620,1989,1,1.7,5.3,15.1,31,-1.3,-7.1,22,65,131.3,23.9,28,989.8,5.2,NA,7.3
620,1989,2,-0.9,1.8,10.5,1,-3.1,-9.5,16,70,126.7,17.6,25,986,5.8,NA,8.7
620,1989,3,-0.1,2.1,6.7,31,-2.2,-7.8,17,77,202.1,25.7,6,990.3,6,NA,5.7
620,1989,4,1.2,3.4,8.2,4,-0.5,-5,24,79,126.5,28.6,16,1010.2,6.2,NA,6.1
620,1989,5,3.6,6.2,10.5,6,1.6,-1.7,10,75,112.6,20.3,15,1009.2,5.5,NA,5.3
620,1989,6,6.1,9.2,16.2,19,3.9,0.9,27,81,73.6,45.6,12,1012.2,5.7,NA,4.9
620,1989,7,9.3,12.7,17.3,20,6.9,2.7,1,81,42.5,29.8,26,1009.3,5.2,NA,4.2
620,1989,8,8.6,10.3,13.7,3,7.1,5,27,88,177,44.4,12,1000.4,6.5,NA,5.2
620,1989,9,7.8,10.4,20.6,29,5.4,1.7,25,77,166.9,25.8,20,1000.9,5.6,NA,6.9
620,1989,10,4.9,6.9,15.7,1,3.1,-1.1,28,80,133.7,30.6,30,1001.3,5.4,NA,5.3
620,1989,11,3,5.3,10.4,26,0.8,-5.9,19,73,57.4,13.8,14,1008.8,4.6,NA,5.4
620,1989,12,1.6,4.3,13.1,6,-1,-11.5,21,70,64.3,10,25,1004.7,5.2,NA,7.2
620,1990,1,2.1,4.1,8.1,21,0.3,-3.5,20,79,274.5,25.6,18,982,6.4,NA,7.3
620,1990,2,0.3,2.2,6.1,5,-1.2,-8.6,28,79,232.6,59,12,976.4,6.2,NA,6.6
620,1990,3,-0.9,2,8.5,26,-3.5,-9.3,1,70,154.9,37.9,14,995.4,5.1,NA,6
620,1990,4,1,3.7,8.3,8,-1.2,-7,4,71,52,9.8,16,1001.3,5.3,NA,5.2
620,1990,5,4.4,7.5,12,27,2.3,-0.3,9,85,12.3,4.4,1,1019.8,5.7,NA,3.4
620,1990,6,6.3,8.5,15.1,13,4.5,1.2,11,88,57,13,25,1011.4,7,NA,4.9
620,1990,7,8.1,10.6,15.6,23,5.9,2.9,2,85,70.6,27.7,31,1010.1,6.2,NA,5.6
620,1990,8,8.8,11.2,16.6,22,7,4.7,2,86,147.2,29.1,11,1006,6.3,NA,4.7
620,1990,9,7.2,9.5,15.6,10,5.2,0.3,21,73,110,41.1,21,1004.2,5.6,NA,6.2
620,1990,10,4.5,6.2,10.3,21,3.1,-0.5,10,82,330.6,61.7,30,1001.2,6.7,NA,7.5
620,1990,11,2.9,4.9,10.5,27,0.9,-4.3,3,77,201.7,85.9,14,1010.1,5.1,NA,4.6
620,1990,12,1.4,4.4,13.2,5,-1.3,-8.1,7,69,121.4,24.6,26,994,5.5,NA,6
620,1991,1,2.7,5,11.4,22,-0.1,-6.2,20,73,164.9,35.4,5,997.2,5.5,NA,9
620,1991,2,2,4,9.5,5,0.2,-2.9,24,77,108.5,24.8,26,1008.4,6.1,NA,8.1
620,1991,3,2.5,4.4,12.1,25,0.7,-6,30,78,189,43.4,19,1005.6,6.5,NA,7.2
620,1991,4,0.7,3.4,11.1,14,-1.8,-9.3,4,70,149.9,62.8,2,1007.7,5.1,NA,6.8
620,1991,5,6,9.6,18.7,28,3.4,0.1,2,79,75.5,19.9,20,1016.4,5.8,NA,3.7
620,1991,6,6,8.1,12.4,27,4.1,0.4,4,80,13,7.4,15,1012.8,5.5,NA,5.7
620,1991,7,9.7,12.4,21.1,5,7.6,3.8,2,89,79.7,36.3,13,1011.3,6,NA,4.1
620,1991,8,9.9,12.5,17.2,27,7.9,5.7,22,80,33.7,6.9,5,1002.6,5.7,NA,5.6
620,1991,9,7.3,10.1,23.8,3,5.2,1.8,28,78,177.6,44.3,18,1005.7,6,NA,5.6
620,1991,10,5.1,7.2,15.6,10,3.4,-0.3,16,80,228.3,46.8,4,1007.6,6,NA,6.7
620,1991,11,1.7,3.7,7.7,27,-0.3,-6.2,15,77,210.3,32.7,12,994.7,6,NA,6.9
620,1991,12,2.3,5.3,12.3,30,-0.4,-8.3,24,64,59.7,12.3,25,1003,4.5,NA,6.7
620,1992,1,3.5,7.5,18.8,14,-0.1,-8.7,4,66,58.9,21,3,1004.7,5,NA,6.5
620,1992,2,1,4.2,12.6,6,-1.9,-9.6,5,66,130.3,18.3,28,993.5,5.5,NA,7.9
620,1992,3,0,2.6,12.3,8,-2.1,-16.3,14,74,161.3,36.5,22,1001.2,5.5,NA,6.1
620,1992,4,1.2,3.1,8.5,3,-0.3,-5.2,7,78,100.6,32.7,21,1007.3,6.4,NA,6
620,1992,5,4.1,7.2,14.5,16,1.8,-3.8,9,77,118,37.6,19,1010.8,5.7,NA,4.6
620,1992,6,7.7,10.9,19.5,18,5.2,3,16,74,25.4,7.8,3,1010.7,5.7,NA,5
620,1992,7,7.8,9.6,15.9,7,6.1,3.4,1,83,184.4,71.7,19,1008.2,6.3,NA,4.8
620,1992,8,7.7,9.6,12.6,15,6.2,3.5,4,89,188.4,47.4,29,1003.2,6.7,NA,6
620,1992,9,6.8,8.3,10.3,8,5.5,2.9,5,86,210.5,46.8,8,1005.8,6.9,NA,6.3
620,1992,10,4.5,7.1,21.7,7,2.2,-3.1,18,78,115.2,28.6,3,1011.6,6,NA,5.5
620,1992,11,2.5,4.2,10.1,9,0.6,-2.9,12,76,155.1,20.1,24,988.6,5.6,NA,5
620,1992,12,1.2,3.9,10.1,23,-1.2,-7,19,69,163.9,24.1,4,994.1,5.1,NA,7.8
620,1993,1,-1.1,1.6,11.7,31,-4,-15.5,24,72,227.6,29.4,8,984.9,5.8,NA,8.5
620,1993,2,1,4.8,13.3,1,-1.9,-8.3,27,65,41.2,18.5,19,1008.1,4.7,NA,6.3
620,1993,3,1.8,4.8,10.1,13,-0.7,-5.5,19,69,57.1,12.8,29,997.7,4.9,NA,5.9
620,1993,4,2.1,3.9,11.1,28,0.7,-2.3,25,79,126.7,28.5,21,1008.6,6.1,NA,5.8
620,1993,5,3.4,5.9,14.5,10,1.4,-1.8,3,79,144.7,54.7,17,1020.4,6.2,NA,7.4
620,1993,6,4.9,6.8,12.2,30,3.4,-0.9,2,87,221.5,43.7,4,1014.8,6.3,NA,4.9
620,1993,7,6.8,8.6,11.9,4,5.4,4,9,84,104.9,27.8,25,1010.2,7.4,NA,5.9
620,1993,8,7.7,10.1,13.2,17,6,4.6,8,82,56.4,30,14,1009.1,6.3,NA,5.4
620,1993,9,7.5,9.4,15.4,1,6.1,3.8,16,88,38.5,21.5,20,1013.2,6.4,NA,4.4
620,1993,10,4.2,6.6,15.2,22,2,-4.8,16,71,41.8,7.7,1,1018.8,5.5,NA,5.3
620,1993,11,5.3,7.7,12.6,18,3.1,-1.3,13,73,234.4,66.9,9,997.5,5.5,NA,12.2
620,1993,12,-0.3,1.1,5.1,2,-2.1,-9.6,20,74,139.8,37.5,30,994.1,6,NA,8.3
620,1994,1,-0.9,1.2,8.9,20,-3.3,-9.1,28,74,149,23.3,11,997.6,6.2,NA,8.9
620,1994,2,1.5,3.7,9.1,14,-0.4,-6.1,27,81,124.7,21.9,6,1008.7,6.2,NA,7.1
620,1994,3,-0.4,1.4,6.9,22,-2.4,-9.7,20,73,146,29,31,986.9,5.9,NA,6.4
620,1994,4,1.2,3.2,10.5,14,-0.6,-4.5,22,73,84.4,28.5,1,1005.8,5.3,NA,6.2
620,1994,5,4.7,7.4,15.5,30,2.6,-0.7,1,82,35.8,9.6,4,1014.8,5.5,NA,3.7
620,1994,6,6.2,8.4,17.7,30,4.2,0.8,1,83,249.3,60.7,7,1003.4,6,NA,4.2
620,1994,7,8.9,11.4,15.3,1,6.7,4.3,16,88,122.3,37.8,10,1006.6,5.9,NA,5.3
620,1994,8,9.5,11.6,19.5,8,7.7,3,29,85,214,104,27,1010,5.8,NA,4.3
620,1994,9,7,9.4,16.2,21,5.3,0,28,72,37.9,9.7,5,1010.1,5.3,NA,5.8
620,1994,10,3.6,6.6,18,13,1.5,-4.6,16,78,237.7,48.7,24,1007.3,6.9,NA,6.8
620,1994,11,4.1,6.6,11.6,26,2,-1.6,20,76,245.9,59.5,7,999.8,6,NA,5.9
620,1994,12,1.1,3.5,11.4,22,-1.2,-6.6,31,72,141.6,29.7,4,991,6.1,NA,8.8
620,1995,1,-0.1,2.1,10.3,7,-2.4,-10.6,1,71,215.3,38.7,5,992,5.8,NA,8.3
620,1995,2,-1.1,0.8,6.3,3,-2.8,-8.7,8,72,88,21.4,3,989.9,5.7,NA,5.6
620,1995,3,-0.7,1.8,10.3,30,-2.8,-10.1,28,73,139.9,28,2,997,5.8,NA,8.1
620,1995,4,0.2,2.3,8.6,12,-1.4,-5.1,3,76,82.4,16.4,5,1018.5,6.1,NA,6
620,1995,5,1.9,3.9,7.6,22,0.5,-2.4,12,86,108.9,33.8,29,1016.3,7.1,NA,5.7
620,1995,6,7.9,11.6,18.2,28,5,0.8,2,78,43.8,22.7,17,1014.4,5.9,NA,4.1
620,1995,7,7.7,10.3,17.7,1,5.8,4,13,82,102.2,32.4,6,1009.4,6.4,NA,5.9
620,1995,8,9.6,13.3,23.5,4,7.2,4.5,24,81,22.6,6.9,23,1009.9,5.4,NA,4.8
620,1995,9,6.5,8.7,15.2,18,4.8,-1.4,29,79,134.2,34.9,8,1010.8,5.9,NA,6.1
620,1995,10,4,5.8,9.2,8,2.5,-1.5,20,83,464.6,92.6,25,999.1,6.6,NA,6.1
620,1995,11,2.2,4.7,12.3,2,0.4,-3.5,24,78,70.6,17.3,22,1016.7,5.9,NA,6.3
620,1995,12,0,2.6,15.8,10,-1.7,-9.9,23,67,85.2,37.2,3,1016.1,4.6,NA,7.2
620,1996,1,2.7,4.7,8.7,18,1.1,-4.3,31,83,179.9,39.8,5,1005.4,5.7,NA,6.3
620,1996,2,0.1,2.8,14,20,-2,-11.5,27,75,81.3,13.8,24,1004.5,6.1,NA,6.2
620,1996,3,2.7,5.3,13.9,2,0.2,-7.9,24,71,21.9,8.8,11,1016.7,5.1,NA,6.5
620,1996,4,2,3.8,7.5,8,0.8,-4.8,4,86,191.3,49.4,19,1012.4,7.2,NA,7.8
620,1996,5,3.3,5.4,12.6,10,1.4,-3.9,5,83,50.7,16.7,29,1019,6.1,NA,5.8
620,1996,6,6.8,9.2,15.3,24,4.9,0.6,3,84,164.5,53.8,1,1010.4,6.7,NA,4.9
620,1996,7,8.8,11.7,19.8,16,6.9,4.4,2,86,88.9,34.4,31,1007.5,6.4,NA,4.9
620,1996,8,8.7,11.3,14.8,28,6.9,4.1,26,85,74.7,22.3,16,1008.6,5.8,NA,5.6
620,1996,9,9.8,12.7,18.3,11,7.9,5.6,23,83,126.7,44.8,24,1008.3,5.8,NA,6.7
620,1996,10,4.5,6.9,14.3,7,2.7,-5.1,31,79,295.9,97.9,15,997.9,6.4,NA,6.6
620,1996,11,-0.9,0.9,10.7,14,-2.9,-7.4,24,67,70.3,7.4,23,1007.2,4.7,NA,5.5
620,1996,12,-0.2,1.7,6.8,29,-1.9,-6.7,13,76,118.4,35,2,1015.1,5.7,NA,5.7
620,1997,1,1.4,4.4,12.3,21,-1,-5.7,19,70,74.1,23.8,17,1009.2,4.8,NA,6
620,1997,2,-0.1,2.2,8.5,1,-1.7,-8.5,4,75,140,30.7,13,983.4,5.8,NA,6.9
620,1997,3,0.6,3.5,10.4,30,-1.4,-7.6,13,71,115.3,25.7,25,1001.5,5.8,NA,6.4
620,1997,4,1.9,5.2,14.2,15,-0.5,-6.8,6,76,40.5,13.3,7,1014.9,6.3,NA,5.1
620,1997,5,2.8,5.1,17.1,31,1.1,-4.8,5,80,57.2,13.3,9,1019,6.4,NA,6.1
620,1997,6,5.2,8.4,21.4,4,3.5,-1.4,8,84,108.8,23,19,1015.8,6,NA,5.2
620,1997,7,8,10.8,15.3,19,6.3,4.4,18,90,127.9,62.5,30,1011.2,6.6,NA,5.1
620,1997,8,9,12,19.8,17,7.2,3.9,10,85,198.9,39.9,17,1006.4,6.1,NA,4.5
620,1997,9,7.9,10.8,17.2,7,5.9,0.8,17,74,228,60.6,29,1005.5,6,NA,6.4
620,1997,10,4.1,6.6,14.5,29,2.2,-3.4,24,78,248.2,92.4,9,1010.3,6.1,NA,5.8
620,1997,11,3.9,5.3,10.8,19,2.8,-1.5,2,88,234.4,41,26,1003.1,7.5,NA,5.9
620,1997,12,2.9,4.6,12.1,14,1.1,-3.8,29,81,96.7,16.8,31,1001.5,6.2,NA,6.4
620,1998,1,0.9,3,9.9,26,-0.9,-10,18,79,242.9,66.4,13,1004,6.1,NA,8
620,1998,2,-0.6,3.4,18.1,17,-3.1,-10.9,28,70,99.5,22.2,20,995.1,5.2,NA,6
620,1998,3,-0.9,2.5,14,14,-3.8,-13.9,1,67,76.3,35.5,28,1006.7,4.6,NA,6
620,1998,4,0.6,2.1,6.6,24,-0.7,-7.4,9,82,74.3,18.6,24,1014.2,7,NA,5.4
620,1998,5,4.7,7.5,16.6,23,2.6,-2,8,81,32.5,19.4,7,1015.4,5.7,NA,5.6
620,1998,6,4.8,6.3,9.1,13,3.7,0.5,1,86,90.4,39,22,1017.7,6.7,NA,6.2
620,1998,7,6.9,9.3,15.7,2,5.6,3.6,12,87,46.4,10.6,23,1008.1,7.2,NA,5.5
620,1998,8,8.1,10.6,14.5,30,6.3,3.7,26,88,76.5,17.3,10,1005.6,6,NA,5.5
620,1998,9,6.4,8,13.9,20,5.2,3.2,17,86,280.7,85.9,12,1013.6,6.8,NA,7.7
620,1998,10,3.3,5.3,13.8,7,1.7,-2.8,16,72,103.9,32,9,1000.5,5.8,NA,6.2
620,1998,11,2.7,4.8,13.7,30,0.8,-5.9,6,76,216.8,43.8,10,1002.7,6.1,NA,7.9
620,1998,12,1.9,4.2,15.1,1,-0.2,-6.1,20,77,225.9,34.5,25,993.7,6,NA,6.9
620,1999,1,0.6,2.5,9.4,29,-1.3,-5.3,6,81,186.1,41.3,5,994.1,6.7,NA,7
620,1999,2,-0.2,2.7,11.4,2,-2.5,-8.8,16,67,44.3,13.5,22,995,5.2,NA,7.1
620,1999,3,-1,0.9,5.5,18,-2.4,-8.1,20,76,123.5,26.6,13,1005.9,6.2,NA,6.1
620,1999,4,0.8,3.1,12,27,-1,-6.3,12,80,107.4,17.5,17,1013.6,6.3,NA,5.5
620,1999,5,4.4,7,16.2,16,2.6,-1.6,3,83,111.3,36.3,24,1009.5,6.7,NA,4.9
620,1999,6,7.3,10.2,14.5,28,5.2,1.8,3,79,56.1,19.9,15,1008.7,5.4,NA,5.1
620,1999,7,9.6,12.4,22.8,27,7.7,5.2,6,82,69.7,47.2,18,1009.3,6.2,NA,4.7
620,1999,8,9.9,12.4,20.1,24,8.3,5.9,19,84,47.1,17.8,27,1013.1,6.2,NA,4.3
620,1999,9,7.9,9.8,16.9,1,6.7,1.6,27,84,270.3,65.8,16,1000,6.6,NA,6.2
620,1999,10,5.8,7.9,13.5,15,3.9,-0.9,9,79,179.2,31.9,31,1004.6,6.1,NA,6.7
620,1999,11,3.1,6.3,22.7,12,0.9,-7.5,28,66,54.1,19,1,1001.6,5.2,NA,5.1
620,1999,12,0.1,2.4,9,31,-2,-7.8,17,72,91.6,26.3,31,995.6,5.7,NA,6
620,2000,1,2.2,5.5,18.5,16,-0.8,-9.8,31,68,126.4,24.7,8,1002.6,5.4,NA,6.3
620,2000,2,0.4,2.7,8.9,5,-1.8,-7.2,13,70,127.1,19.9,21,989.3,5.7,NA,6.9
620,2000,3,0.1,3.2,12.9,28,-2.2,-9.6,4,71,108.6,23.9,11,1008.7,6.1,NA,6.2
620,2000,4,-0.6,1.9,11,8,-2.5,-8.3,3,75,48.1,10.2,11,1017.8,6.5,NA,7
620,2000,5,5.4,8.3,13,4,3.3,-0.2,31,74,20.8,8.5,16,1008.3,5.7,NA,5.5
620,2000,6,5.4,7.5,12.5,18,3.9,0.8,13,84,59.7,23.5,10,1015,6.2,NA,5.7
620,2000,7,8.8,11.5,17.6,22,6.8,3.2,2,84,8.3,2.7,28,1013.8,6.2,NA,4.5
620,2000,8,9.8,12.2,16.5,24,8.2,6.1,29,86,127.4,48.1,17,1009.4,6.3,NA,4.9
620,2000,9,8.2,10.2,15.7,15,6.6,1.5,19,86,181.3,55.4,29,1005,6.5,NA,6.5
620,2000,10,5.6,7.3,13.3,7,4.3,-1.5,13,85,239.2,48.5,10,995,6.3,NA,6.6
620,2000,11,2.8,4.2,6.8,15,1.3,-3,8,82,261.3,43.6,30,1001.3,7.4,NA,7.7
620,2000,12,1.2,3,7.5,3,-0.6,-11.2,31,81,240.9,55.4,7,1005.6,6.9,NA,8.2
620,2001,1,2.9,4.8,12.4,14,1.1,-5.3,1,77,122.8,24.2,26,1002.9,6.4,NA,8.8
620,2001,2,0.8,3.4,12.9,13,-1.5,-12,25,69,148.4,39.7,2,1010.3,5.6,NA,7.8
620,2001,3,-1.2,0.7,5.6,7,-3.1,-9.2,24,80,227.9,67.6,13,1007.3,6.9,NA,6.2
620,2001,4,1.3,3.4,9.6,13,-0.5,-7.8,12,81,110.6,21.7,8,1010.9,6.4,NA,5.8
620,2001,5,4.8,7.7,15.6,11,2.7,-1.2,3,79,99,42.4,16,1013.8,5.8,NA,4.9
620,2001,6,5.5,7.8,12.4,20,3.8,0.6,6,83,84.9,45.7,19,1014.2,6.3,NA,5.5
620,2001,7,8.4,10.9,18.8,28,6.5,4.1,1,85,97,25.9,23,1011.4,6.5,NA,4.4
620,2001,8,8.5,10,12.6,22,7.3,4.6,9,89,238.8,38.2,21,1006.3,7,NA,5.1
620,2001,9,8.1,10.4,15,17,6.4,2.1,28,82,99.3,67.9,30,1011.8,6.4,NA,4.5
620,2001,10,6,7.7,11.3,10,4.5,-2.9,31,85,414.8,94.3,7,1000,6.7,NA,6.5
620,2001,11,2.7,6.7,18.6,10,-0.7,-5.6,8,64,78.4,12.6,30,1001.3,5.2,NA,6.4
620,2001,12,2.5,5.4,12,11,-0.2,-8,28,68,137.7,44.7,4,1013.8,4.9,NA,6.6
620,2002,1,2,4.7,15,10,-0.4,-9,25,74,138.5,25.9,20,998.6,6,NA,7.5
620,2002,2,-1.5,1.3,12.6,15,-3.9,-10.4,24,71,108.2,21.4,7,994,5.7,NA,8.1
620,2002,3,-0.4,2.2,10,2,-2.6,-8.1,10,74,87,37.8,24,1005.2,5.8,NA,5.7
620,2002,4,3.3,6.3,12.4,20,1.1,-4.3,27,80,230.6,41.1,16,1004.2,6.1,NA,7.5
620,2002,5,3.7,5.7,12.5,6,2.2,-2.3,4,84,209.3,25.2,1,1010.5,6.6,NA,6.9
620,2002,6,6.5,9.1,14.5,8,5,2.9,21,88,146.8,60.5,19,1008.5,6.7,NA,6
620,2002,7,8.6,11.6,17.2,26,6.7,3.8,5,83,98.3,29,11,1007.3,6.1,NA,4.6
620,2002,8,9,11.5,16.6,26,7.4,5.2,1,85,102.9,33.1,16,1009,6.5,NA,5.6
620,2002,9,7.9,10.3,18,15,6.3,3.3,30,86,65.6,21.3,2,1014.7,6.2,NA,4.7
620,2002,10,4.7,6.2,12.8,6,3.3,-3.2,28,84,242.8,42.7,8,1012.4,6.5,NA,8.4
620,2002,11,4.5,5.6,10.1,5,3.3,-5.2,17,87,333.4,41.2,2,1002.9,7.4,NA,7
620,2002,12,4.2,6.2,10.8,18,2.4,-3.6,21,79,121,34.8,24,1010.1,5.5,NA,6.1
620,2003,1,0.7,3.4,9.9,11,-1.5,-9.9,23,77,222.8,77.6,17,1006.4,5.9,NA,6.4
620,2003,2,3.5,6,10.3,26,1.2,-8,3,73,154.6,28.4,26,998.5,6.1,NA,9.8
620,2003,3,4,6.4,12.8,21,2,-5.6,10,73,134.4,47.8,6,1004.1,5.6,NA,6.3
620,2003,4,4.4,7.1,15.9,3,2.5,-4.6,2,82,91.3,36.2,27,1016.8,6.6,NA,6.1
620,2003,5,3.8,5.5,10.3,16,2.2,-4.1,1,81,142,50.5,19,1011.9,6.4,NA,5.7
620,2003,6,7.3,8.9,12,25,5.9,3.6,23,91,173,37.7,7,1010.8,7.2,NA,5
620,2003,7,9.2,11.3,15.7,18,7.7,5.9,8,91,169,46.7,11,1009.3,7,NA,4
620,2003,8,10.6,12.9,17.9,15,8.8,6,28,88,62.9,20.1,1,1013.3,6.5,NA,4.6
620,2003,9,8.7,11.1,18.5,3,6.7,0.4,22,75,182,75,12,1006,5.6,NA,6
620,2003,10,4.8,7.5,22.1,26,2.5,-3.8,31,73,136.6,39.7,6,1012.1,5.5,NA,6.4
620,2003,11,4.2,6.2,12.9,7,2.5,-3.5,4,78,186.3,24.4,5,996.9,5.3,NA,6.8
620,2003,12,1,4.3,10.5,3,-1.8,-8.7,15,71,128.3,18.6,28,1005.2,6,NA,6.2
620,2004,1,0.3,2.9,8,23,-1.8,-9.3,29,77,209.1,28.7,13,997.5,6.1,NA,6.1
620,2004,2,1.1,4.5,12.4,23,-1.8,-8.3,8,70,104.7,48.1,7,1011.9,5.6,NA,6.7
620,2004,3,3.6,6.2,13.7,25,1.5,-2.7,23,75,103.9,29.9,16,1005.3,6,NA,7.2
620,2004,4,3.6,6,13,8,1.9,-3,11,83,168.1,33.3,23,1004.3,6.5,NA,6.1
620,2004,5,4.7,7.1,14,22,3,-0.6,4,81,109.8,24.3,30,1012.6,6.4,NA,5.2
620,2004,6,7.1,9.1,16.3,13,5.3,2.9,11,85,71.9,35,28,1014.6,5.6,NA,5.5
620,2004,7,9.4,11.6,18.7,27,7.6,5.2,3,85,194.5,124,1,1009,5.9,NA,4.6
620,2004,8,10.2,12.3,19.5,11,8.4,6.7,22,84,69.9,35.2,3,1013.1,5.2,NA,4.7
620,2004,9,9.1,11.7,18.7,9,7.3,2.1,15,78,238.8,102.8,2,1002.2,5.4,NA,6.2
620,2004,10,5.2,7.1,12.1,12,3.5,-2.1,28,78,182.4,90.3,19,1006.9,5.8,NA,8.3
620,2004,11,2.6,5.8,18,7,0,-6,18,72,115.8,32.3,9,1008.5,6,NA,6.6
620,2004,12,0.7,3.9,11,13,-1.9,-12.1,23,67,91.5,18.5,23,990.6,4.9,NA,6.2
620,2005,1,1.4,4.1,14.9,30,-1.2,-5.7,3,65,86,36.4,4,997.2,4.9,NA,6.2
620,2005,2,1.6,5,14,21,-1,-8.8,5,70,35.5,12.8,4,1013.1,4.8,NA,5.3
620,2005,3,1.9,4.7,12.3,10,-0.2,-7,13,77,56.2,11.8,18,1015.4,5.2,NA,5.8
620,2005,4,1.8,3.9,8.3,20,0.2,-8.8,8,83,87,16,30,1010.4,6,NA,6
620,2005,5,2.9,5.6,15.3,13,0.7,-1.4,17,72,16.3,2.1,20,1017.9,5.9,NA,6.1
620,2005,6,6.8,9.3,15.7,26,4.9,2.1,6,84,68.9,16.5,19,1013.7,6.4,NA,4.6
620,2005,7,9.4,12.1,16,10,7.3,5.5,6,86,191,44.8,4,1009.5,5.9,NA,5.1
620,2005,8,8.9,10.9,14.4,10,7.4,4.4,28,83,92.5,40.3,17,1005,6.4,NA,6.4
620,2005,9,5.7,8.1,15.8,17,3.8,0.5,24,78,286.8,98.1,13,1003,6.3,NA,6.4
620,2005,10,3.5,5.7,12.8,4,1.4,-7,26,81,272.8,55.4,1,1004.5,6.2,NA,7
620,2005,11,1.8,4.5,10.5,13,-0.4,-5.9,30,74,142.1,38.3,15,1005.8,5.2,NA,5
620,2005,12,3.2,5.6,13.1,14,1,-5.3,16,74,86.9,24.4,3,1006.4,5.7,NA,6.8
620,2006,1,3.2,6.5,13.4,4,0.5,-8.1,17,69,99.5,29.7,15,997.1,4.8,NA,7.1
620,2006,2,2.4,5.3,11.1,21,-0.1,-9,9,77,99.2,50.2,13,1010.8,5.6,NA,5.4
620,2006,3,0.1,2.1,9.8,18,-1.9,-8,21,78,104.7,36.7,12,1014.4,6.4,NA,7.1
620,2006,4,2.4,5.3,14.8,28,0,-4.4,6,72,97.2,25.4,17,1000.5,5.5,NA,6.1
620,2006,5,3.5,5.7,10.6,6,1.6,-2.3,22,81,79.4,10.3,5,1014.6,6.2,NA,6.1
620,2006,6,8.4,11.9,18.2,1,5.9,2.1,4,80,41.4,16.1,22,1009,5.6,NA,5.2
620,2006,7,9.2,11.3,15.5,14,7.4,5,4,87,121.9,50.5,31,1009.1,6.4,NA,5
620,2006,8,9.6,11.9,15.5,6,8,4.3,21,89,145.3,43.6,28,1010.8,5.9,NA,5.1
620,2006,9,8.7,10.5,15.1,8,7.1,5.1,4,88,233.1,44.8,29,1006,6.6,NA,6.3
620,2006,10,5.2,6.7,13.5,14,3.5,-3.5,24,83,259.2,54.7,29,1011,6.6,NA,8.3
620,2006,11,1.3,3.6,12.3,5,-0.8,-8.7,19,76,113.4,25.2,14,995.1,6.2,NA,7.7
620,2006,12,4,6.2,14.6,21,1.9,-4,17,75,206.9,42.4,14,991.6,5.7,NA,7.3
620,2007,1,0.4,2.9,11.7,29,-2.3,-8.6,10,70,100.6,18.1,5,996.5,5.3,NA,5.9
620,2007,2,0.9,2.5,8,1,-0.7,-4.6,7,73,68.8,19.6,16,1007.5,6.3,NA,5.9
620,2007,3,2.6,5,12.7,31,0.1,-6.2,20,75,126,22.4,7,997.7,6,NA,6.7
620,2007,4,4.2,8,19.1,3,1.2,-5,19,72,76,23.1,24,1010.2,5.3,NA,5.3
620,2007,5,3.5,5.5,10.6,1,1.8,-0.7,10,80,93.1,42.3,19,1008.4,6.2,NA,5.7
620,2007,6,7.4,10.1,13.6,23,5.4,1.9,13,83,39.4,23.2,3,1018.3,5.5,NA,5.8
620,2007,7,8.3,10.2,14.2,20,6.7,4.3,1,88,65.7,33.7,14,1012.2,6.8,NA,5.7
620,2007,8,8.9,11.7,21.5,22,7,5,27,83,104.3,53.7,1,1010.2,6.2,NA,5.1
620,2007,9,7.1,10,17.8,4,5,0.3,15,78,251.2,101.3,24,1007.2,6.3,NA,6.8
620,2007,10,6.4,9.2,17.2,19,4.1,-1.6,30,75,128.2,56.8,11,1001.7,5.1,NA,7.1
620,2007,11,2.3,5.5,12.4,20,-0.9,-7.5,25,70,122.8,41.8,29,1009.7,5.3,NA,5.4
620,2007,12,2.9,5.1,12.7,18,0.2,-5.4,28,74,178.4,41.8,31,999,6,NA,7.4
620,2008,1,1,3.5,10,2,-1.2,-6.1,31,72,92.3,22.9,6,995.3,5.8,NA,6.9
620,2008,2,1.5,4.2,13.7,18,-1.1,-10.3,1,70,144,26.4,9,997.8,5.7,NA,7.1
620,2008,3,0,2.5,11.1,5,-2,-9.8,4,76,141.5,45.6,7,1002.3,6.7,NA,6.4
620,2008,4,1.4,3.4,8.2,16,-0.4,-5.3,9,78,89.9,53.2,30,1017.6,5.9,NA,5.7
620,2008,5,5.5,8.2,13.7,24,3.5,-0.9,10,85,89.2,36.3,1,1021.3,6.3,NA,4.5
620,2008,6,6.9,8.9,13.4,8,5.1,2.9,23,84,72.4,16.1,8,1014.8,6.1,NA,5.8
620,2008,7,9.4,12.1,19.6,22,7.5,5.2,10,88,96,40,2,1011.2,6.7,NA,5
620,2008,8,9.5,11.5,14.8,22,7.7,5.1,9,85,59.7,9.5,29,1006.5,6.2,NA,4.8
620,2008,9,9.3,11.7,14.9,22,7.3,1.8,30,76,167.7,56.5,12,1006.1,5.6,NA,7.5
620,2008,10,3.6,5.5,12.2,31,0.9,-6.1,28,72,206.6,24.5,27,996.3,5.9,NA,6.9
620,2008,11,2.8,5.7,12.8,5,0,-6.5,27,73,99,17.4,8,1004.9,6.1,NA,6.8
620,2008,12,2.4,4.5,13,24,-0.3,-3.5,1,69,105.8,18.1,8,1002.7,5.3,NA,5.7
620,2009,1,2.7,4.9,10.5,8,0.4,-4.3,6,81,194.8,52.1,16,991.3,6.4,NA,5.9
620,2009,2,0.4,2.5,11.5,17,-1.6,-5.7,4,77,103.4,44.1,25,1010.8,5.8,NA,5.1
620,2009,3,0.7,3,8.8,19,-1.7,-9.7,28,75,151.8,26.8,15,1001,5.9,NA,6.2
620,2009,4,3.3,5.3,10,20,1.4,-2.4,13,86,157.5,26.3,11,1007.2,6.9,NA,5.5
620,2009,5,5.7,7.7,15,30,3.6,-0.5,9,79,79.3,17.9,9,1007.6,6.3,NA,7
620,2009,6,6.9,9.1,14.5,1,5,2.2,8,83,39.8,13.8,18,1019.3,6.7,NA,3.9
620,2009,7,8.9,10.9,17.1,2,7.5,4.6,25,87,85.5,24.6,28,1013.8,6.9,NA,6.1
620,2009,8,9.5,11,13.4,20,8.3,5.6,23,87,346.9,138.2,5,1005.2,7,NA,5.3
620,2009,9,8.5,11.3,17.6,25,6.2,1,29,73,54.9,13.8,7,1002.9,5.6,NA,5.2
620,2009,10,5.1,7,14.5,17,3,-1.5,3,76,194.8,52.8,22,1011.3,6.6,NA,7.6
620,2009,11,3.7,5.1,9.5,21,2.1,-5.2,29,83,255,32.6,16,995.6,7.3,NA,8.7
620,2009,12,2,4.1,13.1,12,-0.3,-6.1,30,80,135.4,20.4,6,1010,5.9,NA,8.1
620,2010,1,2.5,4.7,10.5,9,0.8,-5,6,74,107.5,35.6,22,1011.9,5.8,NA,7.8
620,2010,2,0.1,2.1,7.6,12,-1.8,-7.4,26,75,57,10.5,16,1015.2,6.3,NA,6.6
620,2010,3,1.7,4.2,11.3,7,-0.1,-5.2,30,80,94,14,25,1012,6.8,NA,7.1
620,2010,4,1.1,3.8,11.9,11,-1.1,-6.2,23,71,180.6,82.2,29,1013.2,5.6,NA,6.1
620,2010,5,4.2,6.3,10.6,19,2.3,-2.4,1,83,36.7,8.8,13,1018.4,6.7,NA,6.5
620,2010,6,7.2,9.5,14,15,5.4,3,3,85,27.8,16.8,24,1017,6.2,NA,5.5
620,2010,7,8.6,10.5,14.1,22,7.1,5,22,91,259.4,104.1,2,1006.8,6.9,NA,5.6
620,2010,8,8.7,10.7,14.5,15,7.3,4.7,29,88,211.6,58.4,4,1013,7.2,NA,5.8
620,2010,9,8.4,10,15,2,7,2.5,24,83,102.6,36.8,15,1010.9,6.1,NA,8.7
620,2010,10,5.6,7.6,12.7,9,4,-2.3,25,81,232.1,65.8,28,1005.3,6.4,NA,6.5
620,2010,11,2.4,4.2,10.5,17,0.5,-4,15,75,188,41.5,4,1011.1,6.2,NA,7.6
620,2010,12,0.9,3.7,13.7,10,-1.8,-9.6,22,70,142.6,61.1,27,1015.6,5.8,NA,7.4
620,2011,1,2,4.7,10.9,22,-0.8,-8.8,6,72,84.2,16.6,7,1006.4,6.2,NA,7.6
620,2011,2,2.8,4.9,10.8,25,0.9,-3.5,5,76,168.6,21.3,21,992.7,5.9,NA,6.7
620,2011,3,0.8,4,12,3,-1.8,-7.5,9,69,115.1,18.4,17,1004.4,5.8,NA,6.9
620,2011,4,5.5,8.9,14.9,10,3,0,3,70,74.9,30.2,5,998.7,5.5,NA,7.9
620,2011,5,3.8,5.4,9.2,2,2.6,-0.5,23,87,359.8,57.2,20,1009.5,7.3,NA,7.8
620,2011,6,5.4,7.3,11.6,3,3.9,0.9,6,82,223,75.7,28,1015,6.8,NA,7.1
620,2011,7,8,10.5,18.1,28,6.3,3.2,11,87,86.9,35.2,4,1015.6,6.4,NA,6
620,2011,8,8.1,9.7,12.5,31,6.6,3.6,27,89,157.2,46.2,2,1012.8,6.9,NA,5.7
620,2011,9,8,9.9,16.2,29,6.4,3.5,13,84,165.2,40,3,998.1,6.4,NA,7.4
620,2011,10,5.5,7.8,13,14,3.7,-2.5,18,78,269.5,40.4,27,995.4,6.3,NA,7.7
620,2011,11,5.2,7.3,12.7,15,3.3,-4.9,30,79,222.3,39.6,3,995.6,5.7,NA,7.5
620,2011,12,-0.3,1.8,12,22,-2.6,-8.3,9,70,134.9,34,31,990.3,5.7,NA,5.9
620,2012,1,2.4,4.6,10.4,14,0.1,-3.6,27,74,135.3,18.6,18,996.7,5.9,NA,6.4
620,2012,2,3.8,6.8,12.6,15,0.8,-7.3,18,68,99,17.7,24,1004.2,5.3,NA,5.7
620,2012,3,3.5,6.4,13.9,27,0.8,-9.5,18,69,87.6,19.8,15,1005.2,5.4,NA,5.5
620,2012,4,0.9,2.8,9,29,-0.8,-6.5,3,79,77.3,24.8,10,1014.9,7.1,NA,4.9
620,2012,5,3.8,7.1,18.2,27,1.2,-2.2,5,74,123.8,50.3,22,1019,5.2,NA,5.2
620,2012,6,5.5,7.4,11.1,26,3.9,1.2,5,85,33.7,19.3,7,1018.7,6.4,NA,4.7
620,2012,7,8.6,10.9,15.4,13,6.8,4,2,84,54.1,27.3,22,1012.8,6.2,NA,4.6
620,2012,8,9.6,11.8,23.6,10,8.1,3.3,26,84,71.4,18.1,22,1012.1,6.5,NA,4.3
620,2012,9,7.2,9.2,15.7,1,5.5,2.6,21,77,123.6,24.6,28,999.2,6.5,NA,5.5
620,2012,10,4,5.9,10.7,9,2.4,-3,26,80,135.6,30.5,1,1011.6,6.3,NA,5.2
620,2012,11,2.2,4.5,11.8,5,0.3,-3.3,12,78,261.7,58.9,3,998,6.2,NA,6.7
620,2012,12,1.5,3.1,5.7,20,-0.5,-7,27,80,111.8,26.8,29,1005.7,6.4,NA,6.3
620,2013,1,3.2,4.8,9.8,5,1.4,-4,15,85,214.9,28.1,2,1001.7,6.7,NA,6.4
620,2013,2,3.4,5.5,11.4,26,1.2,-3,7,80,80.7,17.5,13,1009.4,6,NA,5.6
620,2013,3,-0.1,2.5,14.5,1,-2.4,-7.2,16,74,28.1,4.5,27,1022.4,6.5,NA,5.5
620,2013,4,0.3,2.7,10,20,-1.7,-5.9,10,76,69.4,14.1,15,1009.2,6.2,NA,5.7
620,2013,5,4.1,6.2,10.9,29,2,-4.9,1,83,171.4,58.3,28,1009.1,5.9,NA,5.5
620,2013,6,8.3,10.7,14.7,6,6.1,1.1,3,84,17,6.7,28,1011.1,5.5,NA,3.9
620,2013,7,9.8,12.5,20.1,20,7.8,5.2,24,84,27.3,6.8,5,1009.2,6.5,NA,3.8
620,2013,8,9.8,12.6,16.9,14,8,4.6,7,78,81.5,34.6,10,1002.9,5.9,NA,5.3
620,2013,9,7.3,10.1,14.6,2,5.3,2,29,76,138,67.3,16,1005.1,5.3,NA,5.1
620,2013,10,4.4,6.3,14.5,11,2.8,-0.6,29,81,198.4,31.6,22,1006,6.6,NA,4
620,2013,11,2.4,5.9,19,27,-0.6,-6.5,19,68,147,26.1,3,1000.9,6,NA,5.7
620,2013,12,1,3.2,8,2,-1.2,-10.1,5,78,266,30.5,18,986.8,6.3,NA,6
620,2014,1,3.4,4.5,6.2,24,2.1,-0.2,14,89,288.5,39.3,30,992.5,7.5,NA,6.7
620,2014,2,1.8,2.8,5.8,4,0.3,-3,16,85,181.1,26.5,4,989.5,7.5,NA,7.2
620,2014,3,2.4,5,15,11,0.2,-5.1,18,75,190,29.8,25,997.7,6.4,NA,5.5
620,2014,4,3.4,5.7,10.1,25,1.6,-2.5,11,79,131.5,72.6,12,1009.6,6.3,NA,4.6
620,2014,5,4.2,6.1,11,29,2.7,-1,22,84,178.6,49.3,10,1015.9,6.3,NA,4.4
620,2014,6,7.8,10.1,14.6,16,5.9,3.1,8,88,28.5,9.6,3,1018.1,6.7,NA,3.8
620,2014,7,9.2,11.8,15.1,23,7.2,5.5,15,88,173.8,30.8,4,1008,6.4,NA,4.8
620,2014,8,9.6,11.3,16.2,26,7.9,4.1,1,82,120.4,26.4,8,1011.2,6.3,NA,5.2
620,2014,9,9.9,12.5,17.1,10,7.8,4.9,27,77,93.9,24.2,1,1007.1,5.7,NA,4.6
620,2014,10,5.4,6.9,10.4,2,3.7,-0.8,21,77,169.1,32,19,1000.2,6.6,NA,5.6
620,2014,11,5.7,7.2,10.6,25,3.8,-1.4,9,85,314.2,59.7,16,1003.9,6.7,NA,6.9
620,2014,12,1.4,4.1,13.5,30,-1.1,-7.4,15,70,200,20.6,15,992.4,5.8,NA,6.2
620,2015,1,1.5,3.8,9.8,27,-0.8,-4.9,18,68,119.6,34.6,7,989.7,5.3,NA,7.1
620,2015,2,1.7,4.8,16.8,9,-0.9,-7.9,22,66,116.7,34.4,24,995.7,5.9,NA,6.8
620,2015,3,2.2,4.5,11.6,21,0.1,-5.6,31,67,179.5,23.8,20,998.2,5.8,NA,6.7
620,2015,4,2.8,5.9,15.5,5,-0.1,-6.5,1,70,115.1,31.6,27,1009.3,5.6,NA,6.1
620,2015,5,2.7,4.5,10.1,26,0.9,-4.4,7,82,127.7,36.9,2,1007.7,7.1,NA,6
620,2015,6,5.9,7.9,15,9,4.3,0.9,2,84,103.9,44.4,30,1014.4,6.6,NA,4.3
620,2015,7,7,8.3,10,31,5.8,4.4,5,89,177.7,49.1,1,1014.2,7.6,NA,4.2
620,2015,8,8.3,10.2,13.1,17,6.9,4.4,30,89,420.3,107.7,27,1005.7,6.9,NA,4.7
620,2015,9,8.8,11.7,17.6,6,6.8,2.1,26,84,153.3,37.5,14,1010.1,6.5,NA,5.3
620,2015,10,6.6,9.1,17,1,4.3,-0.5,25,76,134.9,26.8,21,1004.4,5.6,NA,4.2
620,2015,11,3.3,5.3,10.6,26,1.1,-6.2,20,71,139.1,25.9,14,993.5,5.1,NA,5.3
620,2015,12,1.7,3.7,8.4,29,-0.5,-7.9,26,76,324.4,47.8,28,991.3,6.2,NA,7.3
620,2016,1,1.2,2.9,9.5,23,-0.6,-4.6,31,74,114.1,18.5,23,1001.4,5.4,NA,5.2
620,2016,2,0.4,2.4,7.8,16,-1.7,-6.1,9,75,138.3,27.1,16,1000.3,6.6,NA,6.3
620,2016,3,2.1,5.1,12.4,19,-0.1,-5.1,3,74,47.8,7.6,28,1005.4,5.5,NA,4.9
620,2016,4,2,4.3,9.7,20,0.1,-3.9,27,76,91.5,20.7,2,1015.6,6.1,NA,5.1
620,2016,5,5,7.7,14.6,26,2.6,-1.2,10,78,58.2,21,2,1009.7,5.3,NA,4
620,2016,6,7.7,10.3,16.6,1,5.8,4.2,10,90,87.4,27.6,21,1014.1,6.4,NA,3.7
620,2016,7,9.1,10.8,13.1,5,7.7,6.3,4,86,201.4,62.3,1,1011,6.5,NA,5
620,2016,8,9.4,11.1,14.6,18,7.8,5.4,2,89,106.1,40.1,12,1010.9,6.6,NA,3.9
620,2016,9,8.7,10.4,13.2,11,6.9,3.4,27,84,351.4,61.2,9,998.4,6,NA,5.3
620,2016,10,8.3,10.4,13.8,23,6.2,1.6,29,79,70.9,12.8,3,1012.3,6,NA,7.5
620,2016,11,4.5,7.2,19.1,25,1.8,-2.3,22,71,140.7,36.6,18,1004.3,5.6,NA,5.3
620,2016,12,4.7,7.7,15.8,4,2.1,-3.1,22,74,241.2,50.8,24,996.2,6,NA,6.4
620,2017,1,2.3,5.6,11,5,-0.8,-8.5,14,69,189.5,36.5,10,1003.4,5.6,NA,5.5
620,2017,2,4,5.7,13,12,2,-1.4,23,82,224.4,47.3,9,1000.1,6.7,NA,7.5
620,2017,3,2.6,5,12.4,27,0.5,-5.4,17,76,142.1,18.8,16,1003.2,6.7,NA,5
620,2017,4,2.4,4.9,12.5,26,-0.4,-5.1,24,75,129.6,23,12,1011.5,6.5,NA,6.1
620,2017,5,5.5,7.6,12.6,3,3.6,0.5,20,91,267.8,79.7,14,1016.3,6.8,NA,3.8
620,2017,6,7,8.9,15.4,17,4.7,2.3,6,87,266.8,92,2,1006.9,6.9,NA,4.4
620,2017,7,9.4,11.7,15.8,23,6.6,4.5,25,88,202.1,61.3,28,1007.4,6.5,NA,4.6
620,2017,8,9.8,11.9,16,27,6.9,4.4,31,81,72.9,24.3,19,1009,6.1,NA,3.9
620,2017,9,9.7,11.3,16.2,2,6.9,4.5,6,86,254.8,54.4,24,1003,6.2,NA,6.9
620,2017,10,7.1,8.7,15.6,27,4.6,0.7,29,80,159.9,50.1,20,1001.2,6.1,NA,4.4
620,2017,11,2,4.2,11.6,1,-0.1,-2.3,5,69,163.4,27.7,25,1006.6,6.4,NA,6.5
620,2017,12,1.3,3.7,12,1,-0.7,-5.6,8,70,96.2,16.9,8,1004.1,5.9,NA,6.3
620,2018,1,1.5,3.3,8.8,8,-0.4,-5.6,26,76,184.5,34.1,13,996.1,6.2,NA,7.2
620,2018,2,2.5,5.3,10.4,5,-0.2,-4.7,7,71,136.1,19.9,24,999.3,5,NA,6.8
620,2018,3,1.6,3.4,7.6,17,0.3,-2.8,5,79,111.7,29.8,16,1011.9,6.2,NA,6.5
620,2018,4,2.5,4.5,9.9,19,0.9,-5,3,80,173.5,71.3,22,1009.5,6.6,NA,4.9
620,2018,5,6.2,9.2,14.6,18,4.2,0.7,3,76,88.6,15.7,20,1006.4,5.6,NA,5.6
620,2018,6,8.4,11.6,18.2,3,6.1,2.6,1,83,101.8,29.6,19,1011.5,6.3,NA,3.9
620,2018,7,10.2,12.9,18.9,29,8.1,5.8,7,85,80.4,15.7,27,1006.1,6.6,NA,3.6
620,2018,8,9.1,10.7,12.5,17,7.3,3.8,30,85,149.5,48.7,8,1005.1,6.6,NA,4.4
620,2018,9,7.4,9.3,13,29,5.4,1,23,79,152.3,25.2,16,1004.3,6.3,NA,4.6
620,2018,10,5.3,7.3,13.8,20,2.9,-1.9,27,74,214,37.6,2,999.2,6.3,NA,5.8
620,2018,11,3.8,5.4,11,18,1.7,-3.5,26,86,379.3,55.6,30,1005.7,6.3,NA,5.4
620,2018,12,3.5,5.5,11.6,24,1.2,-6.2,4,77,203.5,27.2,14,1002,6.3,NA,6.6
620,2019,1,1.5,4.3,18.4,10,-1.6,-8.4,14,72,124.5,17.5,16,1007.6,5.8,NA,5.8
620,2019,2,1.6,4.1,12.2,26,-1.1,-7.7,3,75,172.7,23.5,17,1003.2,6.2,NA,6.4
620,2019,3,1.9,4.2,11.1,27,-0.4,-3.8,8,70,110.1,31.3,2,998.8,5.8,NA,5.6
620,2019,4,4.2,6.2,12.7,19,2,-6.2,3,83,64.7,11.1,22,1016.7,6.6,NA,6.7
620,2019,5,3.6,5.8,12.5,14,1.4,-2.1,3,79,24.4,6.8,10,1021.8,6.6,NA,5.9
620,2019,6,6.7,8.9,18.7,27,4.4,0.7,1,80,18.7,4.5,5,1017.1,6.7,NA,6.1
620,2019,7,8.9,10.6,16.1,29,7.1,3.8,1,89,324.1,74.9,19,1013.2,7.5,NA,4.5
620,2019,8,8.8,11.2,16.8,28,7.5,5.9,31,83,153.9,55.9,18,1007.9,6.7,NA,5.7
620,2019,9,8.1,11,16,8,6.5,2.8,18,82,106.1,27.7,15,1006.8,6.5,NA,4.8
620,2019,10,4.8,7.7,12.4,16,3.3,-3.3,24,80,180.5,58,7,1010.1,6.5,NA,6.8
620,2019,11,2.6,4.3,7,22,0.9,-2.6,15,80,62.6,18.3,24,1012.9,5.9,NA,4.6
620,2019,12,2.5,4.7,14.6,31,0.3,-6.1,13,79,234.9,43.4,22,993.2,6.5,NA,7.1
620,2020,1,2.6,5.8,15.3,22,0.1,-6.3,3,64,107.6,13.1,28,984.5,5.2,NA,6
620,2020,2,1.1,3.4,11.4,5,-0.9,-6.8,13,76,160.8,29.7,22,983.9,6.3,NA,5.9
620,2020,3,1.9,4.6,12.9,30,-0.6,-5.6,15,65,87.1,12.7,18,1001.9,5.5,NA,6.3
620,2020,4,2.7,6,12.7,13,0.2,-6.6,4,72,122,52.1,6,1013.7,5.5,NA,4.8
620,2020,5,4.6,8.1,16.7,5,2.1,-3.7,10,72,37,10.4,23,1014.9,5.9,NA,5
620,2020,6,7.1,10.1,15.9,25,5.2,1.3,5,88,65.5,17.5,22,1014.3,6.1,NA,5.2
620,2020,7,8.3,10.5,13.2,9,6.8,3.8,1,83,57.1,21.5,26,1008,7,NA,4.2
620,2020,8,9.4,12.4,21.5,13,7.6,5.2,26,85,130.4,66.4,1,1007.8,6.2,NA,5.1
620,2020,9,7.8,10.8,16.8,7,5.8,1.3,23,75,118,34.6,12,1000.9,5.9,NA,6.4
620,2020,10,5.7,7.6,10.5,14,4.2,0,22,86,203.1,25.1,3,1007,6.3,NA,5
620,2020,11,4.3,6.8,15.7,4,2.1,-2.8,18,69,159.9,25.2,1,997,5.9,NA,6.1
620,2020,12,1.8,3.8,12.4,1,0.2,-4.9,23,80,222.1,32.8,18,1000.9,6.4,NA,7
620,2021,1,0.6,3,12,3,-1.6,-7.6,9,77,161,41.3,21,1010.2,6.3,NA,7.1
620,2021,2,2.9,4.8,11.9,27,1.3,-2.7,1,85,137.3,33.9,15,1006.2,6.2,NA,5
620,2021,3,2.8,6.8,20.4,18,0.2,-8.6,27,74,142.2,46.1,10,1003.7,5.7,NA,4.3
620,2021,4,1.9,5.5,15.7,3,-0.4,-9.5,4,74,38,11.7,18,1020.4,5.2,NA,5.2
620,2021,5,2.4,4.4,12.5,30,0.9,-1.9,7,83,56.8,14.8,24,1019.5,7,NA,6.7
620,2021,6,6.9,10.7,22.5,26,4.2,0,9,80,119.1,34,17,1008.8,6.2,NA,4.9
620,2021,7,10.4,14.2,20.2,23,8.1,4.6,3,86,34.1,26.5,28,1010.6,5.3,NA,4
620,2021,8,11,14.1,22.1,30,8.9,6.9,10,88,28.9,11.9,13,1014,6.5,NA,3.1
620,2021,9,9.1,12.2,19.6,1,7.1,3.1,25,78,181.7,47.6,28,1003,5.4,NA,5.6
620,2021,10,5.2,7.2,13.9,13,3.5,-0.2,20,82,284.1,33.8,18,1002.1,6.8,NA,5.5
620,2021,11,2.8,5.8,12.5,22,0.6,-3.7,26,75,153.4,40.6,14,1004.5,6.3,NA,5.7
620,2021,12,2.5,4.6,16.1,17,0.4,-5.2,2,78,97.8,19.5,7,1004.5,5.9,NA,5.2
620,2022,1,1.9,5.5,13.2,21,-0.8,-5.9,2,67,70.9,17.8,3,1000.6,5.6,NA,6.3
620,2022,2,-0.2,1.8,7.5,26,-2.5,-7.6,10,72,99.1,17.2,26,991.2,6.2,NA,6.7
620,2022,3,2.9,6.8,13,27,0.3,-3.8,28,76,139.9,26,12,1007.2,6.1,NA,7.1
620,2022,4,2.6,5.5,11.6,15,0.6,-4.6,10,84,62.1,12.2,13,1018.3,6.5,NA,4.6
620,2022,5,4.3,7.2,12.2,1,2.5,-1.4,2,86,115.9,25,20,1008.1,6.6,NA,4.8
620,2022,6,7.4,11.2,20.1,20,5.3,2.3,2,84,146.8,51.1,11,1007,6.2,NA,4.9
620,2022,7,9,12.1,21.2,7,6.9,5.4,9,85,91.5,24.9,20,1008,6.8,NA,4.3
620,2022,8,9.5,12.4,17.6,9,7.7,5.3,22,83,71.9,16.9,24,1007.7,6.1,NA,4.6
620,2022,9,8.3,11.3,24.1,25,6.3,3.1,26,87,99.8,21.9,11,1010.9,6.4,NA,4.9
620,2022,10,5.3,7.4,13.6,2,3.7,-0.5,11,83,273.3,55.1,1,998.4,5.7,NA,5
620,2022,11,5.1,6.7,11.2,1,3.9,0.4,29,92,375.5,44.9,9,996.7,7.3,NA,6.2
620,2022,12,-1.5,0.7,11.7,1,-3.4,-9.5,31,79,63.6,8.7,9,1016.4,5.9,NA,7.8
620,2023,1,1.1,3.7,14.1,21,-1.4,-7.2,1,NA,230.7,46.8,8,998.2,6.7,NA,7
620,2023,2,2.8,6.5,14.3,6,-0.1,-5.1,9,NA,72,27.5,20,1002.4,4.9,NA,5.2
620,2023,3,-1.8,0.6,11.5,2,-3.8,-11.4,11,NA,127.9,43.7,31,1014.3,7.1,NA,7.1
620,2023,4,2.8,5.8,12.9,19,1.2,-3,25,NA,129.7,40.9,1,1015.8,6.2,NA,5.9
620,2023,5,6.1,9.8,17,30,3.5,-1.9,16,NA,26.6,8.2,14,1010.3,6,NA,5.1
620,2023,6,8.2,11.8,19.3,2,5.8,0,7,NA,69.7,22.5,25,1012.6,6,NA,4.2
620,2023,7,7.9,9.9,16.7,9,6.7,4.7,21,89,66.6,11.3,5,1010.9,7.1,NA,5.3
620,2023,8,9,11.5,15.7,25,7.5,4.5,6,91,44.5,32.4,27,1013.3,6.3,NA,4
620,2023,9,7.9,10.3,16.3,2,6.2,2.6,23,80,346.8,108.3,26,1004.6,6,NA,5.7
620,2023,10,4.9,6.7,13,9,3.2,-1.8,15,85,173.9,42.3,11,1007.2,7,NA,5.4
620,2023,11,3.8,5.2,12.2,21,2,-2.4,23,84,164,38.2,6,1009.2,6.5,NA,6.4
620,2023,12,0.6,3,10.6,14,-1.6,-7.5,22,72,55.2,9,28,1004.4,5.7,NA,5
620,2024,1,0.9,3.7,9.5,25,-1.3,-9.3,18,71,124.6,33.9,5,1001.4,5.3,NA,5.2
620,2024,2,0.5,3.1,9.6,2,-1.7,-7.4,6,74,108.1,22.8,18,995.2,5.6,NA,4.8
620,2024,3,1.4,3.5,8.5,6,-0.1,-4.5,1,88,192.3,28.6,19,1007.5,7.3,NA,7.6
620,2024,4,1.3,3.4,12.4,21,-0.5,-4.4,4,82,58.1,10.8,9,1012.9,6.8,NA,6.3
620,2024,5,5.7,8.9,16,30,3.5,0.4,20,85,56.1,26.7,20,1012.3,6,NA,3.5
620,2024,6,6.5,9.9,18.5,23,4.5,1.8,4,82,102.5,21,5,1006.5,6.5,NA,5.1
620,2024,7,9.3,12.5,23.2,11,7.2,3.6,8,88,86.3,24.5,18,1004.9,6.4,NA,4.1
620,2024,8,8.6,10.6,16.6,31,7.2,5.6,27,91,307.5,62.7,13,994.9,7,NA,4.2
620,2024,9,7,10.1,19.7,5,5,1.3,29,76,91.5,53.2,15,1012.8,5.8,NA,5.8
620,2024,10,3.9,6.7,13.8,29,2,-1.8,13,80,146.2,38.4,19,1003.8,6.3,NA,5.1
620,2024,11,3.1,6.9,21.4,14,0.3,-6.9,29,74,117.2,20.7,19,1009.8,5.5,NA,7.6
620,2024,12,1,4.2,13.5,10,-1.6,-8.7,30,68,91.2,20.4,6,1003,4.8,NA,5.8
620,2025,1,0.2,2.9,15.6,15,-1.9,-6.8,3,80,185,70.8,20,1004.5,5.9,NA,5.7
620,2025,2,3.4,6.4,14,7,1.2,-1.4,15,82,148.6,27.8,22,1003,6,NA,6.2
620,2025,3,2.8,6.7,12,18,0.2,-3.4,28,73,51,12.8,31,1005.2,5.3,NA,4.1
620,2025,4,3.4,6.7,17,10,1.2,-2,17,82,127.6,50.3,17,1015.7,5.5,NA,4.6